,events,sessions,mean_sess_min,time_on_task_h,active_days,active_weeks_ratio,weekly_cv,gap_sd_days,night_ratio,weekend_ratio,practice_attempts,practice_share,content_views,content_diversity,self_monitoring,forum_glossary,scorm_mean_score,synopsis_submitted,synopsis_lead_days,final_done
1091,4.6913478822291435,5.0,6.346666666666666,0.5288888888888889,4.0,0.4,2.8090828578127796,7.563005801392753,0.0,0.9259259259259259,0.0,0.0,4.394449154672439,18.0,0.0,7.0,40.57833333333333,0,-5.0,0
1214,0.0,0.0,0.0,0.0,0.0,0.0,3.16227766016838,25.20783296649954,0.0,0.2461799660441426,0.0,0.0,0.0,0.0,0.0,0.0,40.57833333333333,0,-5.0,0
2472,1.791759469228055,1.0,0.48333333333333334,0.008055555555555555,1.0,0.1,3.1622776601683795,25.20783296649954,0.0,0.0,0.0,0.0,0.0,0.0,0.0,0.0,40.57833333333333,0,-5.0,0
2502,5.662960480135946,10.0,25.456666666666667,4.2427777777777775,8.0,0.4,1.6095141616045547,6.211784426853073,0.0,0.35714285714285715,2.0,0.10104529616724739,4.77912349311153,50.0,14.0,2.0,40.57833333333333,1,9.268159722222222,1
3196,0.0,0.0,0.0,0.0,0.0,0.0,3.16227766016838,25.20783296649954,0.0,0.2461799660441426,0.0,0.0,0.0,0.0,0.0,0.0,40.57833333333333,0,-5.0,0
3210,3.7612001156935624,20.0,6.449166666666666,2.149722222222222,12.0,0.3,2.0659326226697075,0.7551472537460004,0.0,0.21428571428571427,0.0,0.023809523809523808,2.8903717578961645,7.0,0.0,0.0,16.66,0,-5.0,0
3242,2.4849066497880004,1.0,6.116666666666666,0.10194444444444443,1.0,0.1,3.162277660168379,25.20783296649954,0.0,0.0,0.0,0.0,0.6931471805599453,1.0,0.0,0.0,40.57833333333333,0,-5.0,0
3251,5.4638318050256105,12.0,14.680555555555557,2.9361111111111113,10.0,0.8,1.319568300610033,5.3390675367246265,0.0,0.6085106382978723,0.0,0.0,4.564348191467836,63.0,0.0,2.0,40.57833333333333,0,-5.0,0
3252,5.288267030694535,13.0,21.46410256410256,4.650555555555555,8.0,0.4,1.9548896393607458,13.614773509394556,0.233502538071066,0.1116751269035533,0.0,0.0,4.51085950651685,29.0,0.0,0.0,40.57833333333333,0,-5.0,0
3253,4.897839799950911,21.0,5.377777777777777,1.882222222222222,15.0,0.9,1.0412621465661256,3.7292803713958573,0.0,0.15037593984962405,1.0,0.022556390977443608,2.9444389791664403,11.0,16.0,2.0,33.33,1,25.05261574074074,1
3254,6.380122536899765,13.0,12.507692307692308,2.71,11.0,0.6,1.8589337352783957,6.5355535818628985,0.0,0.2461799660441426,0.0,0.003395585738539898,5.817111159963204,68.0,10.0,24.0,16.66,1,29.12826388888889,1
3255,3.1354942159291497,7.0,4.719047619047619,0.5505555555555556,6.0,0.6,1.1499191491521379,4.403233739773671,0.0,0.0,0.0,0.0,0.0,0.0,0.0,0.0,40.57833333333333,0,-5.0,0
3256,2.833213344056216,3.0,4.644444444444445,0.23222222222222222,3.0,0.3,2.5379070554735104,8.25237807818525,0.125,0.8125,0.0,0.0,0.0,1.0,2.0,0.0,40.57833333333333,1,1.3896296296296295,0
3257,4.564348191467836,3.0,32.46111111111111,1.6230555555555555,4.0,0.2,2.684726472601442,25.20783296649954,0.021052631578947368,0.8526315789473684,0.0,0.0,4.143134726391533,12.0,1.0,0.0,47.701428571428565,0,-5.0,0
3258,6.311734809152915,16.0,11.809375000000001,3.149166666666667,11.0,0.6,2.7400106573157443,5.762875030821277,0.0,0.03636363636363636,0.0,0.0018181818181818182,6.042632833682381,299.0,8.0,32.0,40.57833333333333,1,25.176296296296297,0
3259,4.1588830833596715,8.0,4.272916666666667,0.5697222222222222,6.0,0.5,1.5678704841418671,11.66280342366019,0.0,0.0,0.0,0.0,2.772588722239781,6.0,0.0,0.0,40.57833333333333,0,-5.0,0
3260,2.3978952727983707,4.0,1.2166666666666668,0.08111111111111112,4.0,0.3,1.7638342073763937,8.1742374754838,0.0,0.2,0.0,0.0,0.0,0.0,0.0,0.0,40.57833333333333,0,-5.0,0
3261,5.030437921392435,30.0,2.767777777777778,1.383888888888889,21.0,0.9,0.8643801074438605,2.7300531770697685,0.0,0.3157894736842105,0.0,0.0,2.0794415416798357,8.0,33.0,1.0,40.57833333333333,1,24.05578703703704,1
3262,6.133398042996649,16.0,17.258333333333333,4.602222222222222,9.0,0.6,1.7912480644035218,3.7976113071575917,0.02391304347826087,0.9739130434782609,0.0,0.0,5.8377304471659395,202.0,22.0,0.0,21.90095238095238,1,21.001875,1
3263,5.568344503761097,24.0,12.06875,4.8275,18.0,0.9,1.761587437657828,3.443270761776879,0.0,0.27340823970037453,1.0,0.09195402298850575,4.23410650459726,25.0,9.0,1.0,40.57833333333333,1,19.060613425925926,0
3264,6.118097198041348,44.0,7.554924242424243,5.540277777777778,19.0,0.8,1.612471596505242,2.0059056080152238,0.0,0.30022075055187636,0.0,0.002207505518763797,5.117993812416755,60.0,0.0,9.0,50.274166666666666,0,-5.0,0
3265,6.1224928095143865,6.0,54.24722222222223,5.424722222222223,4.0,0.4,2.1108882966429907,9.55957798882992,0.0,0.9934065934065934,0.0,0.0,5.673323267171493,272.0,1.0,1.0,40.57833333333333,0,-5.0,0
3266,5.963579343618446,19.0,13.907894736842104,4.404166666666667,16.0,0.8,2.2381509673165296,4.337549851019237,0.05010438413361169,0.5323590814196242,6.0,0.5231958762886598,3.4657359027997265,28.0,11.0,0.0,40.57833333333333,1,3.9765972222222223,0
3267,4.382026634673881,7.0,5.004761904761905,0.5838888888888889,6.0,0.4,2.080344221082799,13.793150353664638,0.0,0.25316455696202533,0.0,0.0,3.58351893845611,21.0,1.0,1.0,40.57833333333333,0,-5.0,0
3268,6.244166900663736,13.0,23.53846153846154,5.1,10.0,0.6,1.8904482377849074,4.490051841344262,0.0,0.556420233463035,0.0,0.0,5.4510384535657,190.0,8.0,4.0,52.427894736842106,1,15.598055555555556,0
3269,4.454347296253507,16.0,2.4770833333333333,0.6605555555555556,11.0,0.7,1.406580896820467,2.677386164205239,0.2,0.4,0.0,0.0,2.6390573296152584,5.0,12.0,0.0,30.0,1,6.939282407407408,1
3270,3.6375861597263857,7.0,2.9261904761904765,0.3413888888888889,7.0,0.6,1.621871852565418,3.2789004854079704,0.0,0.24324324324324326,0.0,0.0,1.0986122886681098,1.0,0.0,0.0,40.57833333333333,0,-5.0,0
3271,6.192362489474872,23.0,12.473188405797101,4.7813888888888885,18.0,0.8,1.8482500905949435,4.714849691178751,0.45491803278688525,0.22540983606557377,0.0,0.0,5.4510384535657,58.0,18.0,10.0,33.33,1,11.060069444444444,1
3272,5.902633333401366,17.0,31.48725490196078,8.921388888888888,9.0,0.5,2.1974147529552757,7.664032431606153,0.0,0.19726027397260273,0.0,0.0,5.54907608489522,46.0,1.0,0.0,53.08395061728395,0,-5.0,0
3273,5.298317366548036,15.0,17.07777777777778,4.269444444444445,11.0,0.6,1.267609451657657,3.648086726448587,0.4824120603015075,0.03015075376884422,0.0,0.0,4.605170185988092,27.0,16.0,6.0,40.769999999999996,1,24.964837962962964,1
3274,5.4510384535657,22.0,18.58939393939394,6.816111111111111,11.0,0.6,1.7136655132628074,3.517403711809492,0.0,0.06465517241379311,0.0,0.004310344827586207,5.056245805348308,30.0,21.0,1.0,53.997,1,5.369710648148148,1
3275,3.6109179126442243,5.0,6.62,0.5516666666666666,5.0,0.5,1.5393779585644745,5.540721642474193,0.4166666666666667,0.2222222222222222,0.0,0.0,2.3978952727983707,3.0,5.0,0.0,38.88333333333333,1,6.934212962962963,1
3276,6.467698726104354,23.0,32.86594202898551,12.59861111111111,14.0,0.8,1.839872459273054,3.473172751853234,0.6080870917573873,0.12286158631415241,0.0,0.0,6.184148890937483,105.0,0.0,23.0,51.65328358208955,0,-5.0,0
3277,4.700480365792417,16.0,4.816666666666666,1.2844444444444443,11.0,0.6,1.4984397425447,4.94843626798255,0.0,0.41284403669724773,0.0,0.009174311926605505,3.5553480614894135,18.0,0.0,1.0,44.44166666666666,0,-5.0,0
3278,6.289715570908998,58.0,15.062931034482759,14.560833333333333,35.0,0.9,1.1015892992669623,1.1445822507597005,0.026022304832713755,0.05947955390334572,0.0,0.0,5.855071922202427,65.0,21.0,10.0,52.10424242424243,1,14.99236111111111,1
3279,2.995732273553991,8.0,1.3145833333333334,0.17527777777777778,6.0,0.4,1.5183295805907933,6.281404780188165,0.0,0.0,0.0,0.0,0.0,0.0,0.0,0.0,40.57833333333333,0,-5.0,0
3281,2.995732273553991,1.0,17.883333333333333,0.2980555555555556,1.0,0.1,3.16227766016838,25.20783296649954,1.0,0.0,0.0,0.0,2.302585092994046,1.0,0.0,0.0,33.33,0,-5.0,0
3282,5.703782474656201,15.0,14.723333333333333,3.680833333333333,7.0,0.5,1.4966876323678007,8.335593492256333,0.0,0.8394736842105263,5.0,0.48494983277591974,3.7612001156935624,33.0,0.0,0.0,40.57833333333333,0,-5.0,0
3283,5.37989735354046,21.0,11.907936507936508,4.167777777777777,16.0,0.9,1.4895293240054366,3.7472395220091945,0.06018518518518518,0.1712962962962963,0.0,0.0,3.970291913552122,10.0,0.0,0.0,26.514374999999998,0,-5.0,0
3284,5.517452896464707,9.0,14.585185185185187,2.187777777777778,9.0,0.7,2.180718991984649,6.374408182697768,0.18548387096774194,0.0,0.0,0.0,4.499809670330265,76.0,1.0,1.0,40.57833333333333,0,-5.0,0
3285,6.523562306149512,18.0,10.881481481481481,3.2644444444444445,15.0,0.6,1.4738773300467274,2.646734183511877,0.0,0.07917888563049853,1.0,0.03823529411764706,6.361302477572996,173.0,2.0,11.0,40.57833333333333,0,-5.0,0
3287,3.58351893845611,6.0,10.33611111111111,1.033611111111111,5.0,0.3,2.4953471441093145,9.794540402917137,0.0,0.5428571428571428,0.0,0.0,0.6931471805599453,2.0,4.0,0.0,40.57833333333333,1,0.3387384259259259,1
3288,5.846438775057725,29.0,9.536206896551725,4.609166666666667,23.0,1.0,0.601715983780645,2.253202344498799,0.0463768115942029,0.28405797101449276,0.0,0.0,4.6443908991413725,20.0,46.0,1.0,33.33,1,24.079722222222223,1
3289,2.0794415416798357,4.0,2.729166666666667,0.18194444444444446,3.0,0.1,3.16227766016838,0.3109999942223817,0.0,0.2857142857142857,0.0,0.0,0.0,0.0,0.0,0.0,40.57833333333333,0,-5.0,0
3290,6.520621127558696,20.0,11.205,3.735,18.0,0.9,1.5919306927258041,3.292274666296079,0.0014749262536873156,0.02359882005899705,0.0,0.0,6.135564891081739,233.0,12.0,24.0,40.57833333333333,1,24.174560185185186,1
3291,1.791759469228055,1.0,3.0,0.05,1.0,0.1,3.1622776601683795,25.20783296649954,0.0,0.0,0.0,0.0,0.0,0.0,0.0,0.0,40.57833333333333,0,-5.0,0
3292,5.771441123130016,8.0,25.57708333333333,3.4102777777777775,4.0,0.4,2.2818444811404457,12.622373917398733,0.0125,0.9875,0.0,0.0,5.365976015021851,76.0,7.0,5.0,33.74181818181818,1,1.0965162037037037,1
3293,3.367295829986474,7.0,9.897619047619047,1.1547222222222222,6.0,0.6,1.3127665478181165,4.397345640008044,0.0,0.0,0.0,0.0,0.6931471805599453,1.0,0.0,0.0,40.57833333333333,0,-5.0,0
3294,3.044522437723423,2.0,20.5,0.6833333333333333,2.0,0.2,2.9907264074877267,25.20783296649954,0.0,0.95,0.0,0.0,2.8903717578961645,3.0,0.0,0.0,26.527142857142856,0,-5.0,0
3295,4.564348191467836,10.0,4.988333333333333,0.8313888888888888,6.0,0.3,1.9408298363513645,9.453712887167383,0.0,0.15441176470588236,1.0,0.2736842105263158,3.295836866004329,18.0,2.0,0.0,40.57833333333333,0,-5.0,0
3296,5.697093486505405,12.0,15.197222222222223,3.0394444444444444,9.0,0.5,2.8934056536842463,5.333675126361468,0.0,0.6161616161616161,0.0,0.0,5.0238805208462765,52.0,0.0,0.0,15.469999999999999,0,-5.0,0
3297,6.16541785423142,26.0,16.422435897435896,7.116388888888889,16.0,0.7,1.3982324600529337,2.7072410922978114,0.0,0.14375,1.0,0.056842105263157895,5.37989735354046,84.0,23.0,6.0,9.626666666666667,1,14.449675925925925,1
3298,6.3818160174060985,40.0,20.672916666666666,13.781944444444443,20.0,0.9,1.0896780520895994,2.3580377534934294,0.576271186440678,0.27288135593220336,0.0,0.001694915254237288,5.8289456176102075,93.0,8.0,6.0,55.08025,1,1.853900462962963,1
3299,5.087596335232384,26.0,10.99551282051282,4.764722222222222,17.0,0.9,1.064774146373446,3.8332868192608474,0.0,0.2919254658385093,1.0,0.037267080745341616,4.02535169073515,29.0,0.0,1.0,45.85846153846153,0,-5.0,0
3300,4.852030263919617,28.0,5.071428571428571,2.3666666666666667,21.0,0.8,1.1941824571782869,2.9054989552216166,0.11023622047244094,0.2755905511811024,0.0,0.0,3.295836866004329,12.0,9.0,0.0,0.0,1,19.782881944444444,0
3301,3.58351893845611,6.0,3.9083333333333337,0.39083333333333337,5.0,0.3,2.4102953780654786,8.409630242024496,0.0,0.02857142857142857,0.0,0.0,0.0,2.0,6.0,3.0,40.57833333333333,0,-5.0,0
3302,5.375278407684165,30.0,8.957777777777778,4.478888888888889,24.0,0.8,0.888535775063838,1.9196441735496155,0.023255813953488372,0.6093023255813953,0.0,0.0,2.995732273553991,13.0,28.0,0.0,40.57833333333333,1,7.2069675925925925,1
3303,3.044522437723423,7.0,1.8380952380952382,0.21444444444444447,7.0,0.4,1.6499158227686108,11.083256056455687,0.0,0.5,0.0,0.0,1.6094379124341003,3.0,0.0,0.0,40.57833333333333,0,-5.0,0
3304,5.752572638825633,24.0,6.365972222222222,2.546388888888889,17.0,0.7,1.0639252030311999,3.2336043331300504,0.0,0.4554140127388535,0.0,0.0,4.499809670330265,41.0,31.0,6.0,40.57833333333333,1,25.037743055555556,1
3305,5.493061443340548,37.0,7.808108108108107,4.8149999999999995,21.0,0.8,1.158958111912323,2.1038644003193623,0.2809917355371901,0.3925619834710744,0.0,0.0,3.5553480614894135,22.0,21.0,2.0,40.57833333333333,1,25.00777777777778,1
3306,5.780743515792329,16.0,25.3125,6.75,11.0,0.8,1.5384592897368594,5.2385672702697,0.0,0.9186746987951807,1.0,0.04024767801857585,5.2574953720277815,70.0,1.0,2.0,42.040416666666665,0,-5.0,0
3307,3.8066624897703196,5.0,4.726666666666667,0.3938888888888889,5.0,0.4,1.9260907372206915,5.524058398889551,0.0,0.13636363636363635,0.0,0.022727272727272728,2.6390573296152584,13.0,1.0,0.0,40.57833333333333,0,-5.0,0
3308,5.6240175061873385,31.0,12.520430107526881,6.4688888888888885,21.0,1.0,1.071712754409181,2.6376654019063883,0.09420289855072464,0.3442028985507246,0.0,0.0,5.14166355650266,59.0,17.0,3.0,43.49423076923077,1,5.658368055555556,1
3309,2.995732273553991,7.0,2.354761904761905,0.27472222222222226,4.0,0.4,1.5583451221896456,8.136037713722184,0.0,0.0,0.0,0.0,1.791759469228055,3.0,0.0,0.0,40.57833333333333,0,-5.0,0
3310,4.51085950651685,12.0,13.172222222222222,2.6344444444444446,8.0,0.6,1.18286810538306,10.431921750633624,0.011111111111111112,0.6222222222222222,0.0,0.0,3.2188758248682006,9.0,10.0,0.0,34.916666666666664,1,0.21653935185185186,0
3311,4.709530201312334,11.0,5.6893939393939394,1.0430555555555556,9.0,0.7,2.2235074336780776,6.311343543802788,0.0,0.7909090909090909,0.0,0.0,3.8501476017100584,22.0,0.0,6.0,40.57833333333333,0,-5.0,0
3312,4.532599493153256,9.0,4.588888888888889,0.6883333333333332,9.0,0.6,1.5799760446340023,2.916360039762942,0.0,0.8695652173913043,0.0,0.0,2.995732273553991,11.0,10.0,1.0,40.57833333333333,1,15.201527777777779,1
3313,6.866933284461882,12.0,14.173611111111112,2.8347222222222226,9.0,0.6,2.8712374778605168,3.469035958430916,0.0,0.06360792492179354,0.0,0.0,6.478509642208569,185.0,25.0,16.0,40.57833333333333,1,14.050706018518518,1
3314,5.303304908059076,18.0,7.9296296296296305,2.378888888888889,14.0,0.8,1.9687841707792937,4.453478722247464,0.01,0.09,0.0,0.0,4.543294782270004,64.0,4.0,5.0,40.57833333333333,0,-5.0,0
3317,4.02535169073515,8.0,7.091666666666667,0.9455555555555556,8.0,0.6,2.0395537782380413,9.305106172312426,0.01818181818181818,0.4,0.0,0.0,2.3978952727983707,8.0,0.0,0.0,40.57833333333333,0,-5.0,0
3318,5.733341276897746,29.0,15.895977011494253,7.683055555555556,20.0,0.7,1.4457513480287094,2.650498011130498,0.6168831168831169,0.08766233766233766,0.0,0.0,4.8283137373023015,22.0,16.0,2.0,43.45434782608695,1,5.877951388888889,1
3319,5.5254529391317835,8.0,18.29375,2.4391666666666665,7.0,0.4,2.835771499962576,4.332889388900309,0.0,0.096,1.0,0.016,5.313205979041787,134.0,5.0,9.0,40.57833333333333,0,-5.0,1
3320,7.340835554123275,59.0,7.15,7.030833333333334,38.0,1.0,0.91701842887047,1.1037273938500993,0.0,0.2248062015503876,1.0,0.01752109020116807,6.792344427470809,297.0,15.0,34.0,40.57833333333333,1,24.565787037037037,1
3321,5.472270673671475,33.0,11.571212121212122,6.364166666666667,18.0,0.7,0.9965212943594258,2.7013421170329286,0.0379746835443038,0.5780590717299579,0.0,0.0,3.871201010907891,23.0,27.0,0.0,53.33,1,24.200914351851853,1
3322,3.7376696182833684,3.0,17.77777777777778,0.888888888888889,3.0,0.3,2.5925910188249257,21.879888915946395,0.0,0.8292682926829268,0.0,0.0,3.332204510175204,26.0,0.0,0.0,40.57833333333333,0,-5.0,0
3323,3.258096538021482,3.0,3.8222222222222224,0.19111111111111112,3.0,0.3,1.9160143817599884,14.163332458954018,0.0,0.56,0.0,0.0,2.70805020110221,5.0,0.0,1.0,40.57833333333333,0,-5.0,0
3324,5.641907070938114,24.0,8.744444444444445,3.497777777777778,15.0,0.6,1.520288489567903,4.321478766901472,0.0,0.05423728813559322,1.0,0.12811387900355872,4.553876891600541,64.0,9.0,0.0,40.57833333333333,1,25.474664351851853,1
3325,0.0,0.0,0.0,0.0,0.0,0.0,3.16227766016838,25.20783296649954,0.0,0.2461799660441426,0.0,0.0,0.0,0.0,0.0,0.0,40.57833333333333,0,-5.0,0
3326,4.941642422609304,11.0,9.63030303030303,1.7655555555555555,7.0,0.4,1.7750501678905788,7.1583270566714035,0.0,0.0,0.0,0.02877697841726619,3.871201010907891,34.0,9.0,10.0,40.57833333333333,0,-5.0,0
3327,5.0238805208462765,14.0,14.866666666666665,3.468888888888889,10.0,0.5,2.1526178542304417,7.9123725698634955,0.0,0.4503311258278146,0.0,0.0,4.07753744390572,28.0,0.0,2.0,33.33,0,-5.0,0
3328,5.598421958998375,15.0,16.685555555555556,4.171388888888889,14.0,0.8,1.8460076370785459,4.3327947567142235,0.3903345724907063,0.11895910780669144,0.0,0.0,5.2832037287379885,55.0,0.0,3.0,50.05352941176471,0,-5.0,0
3329,5.488937726156687,13.0,9.573076923076922,2.0741666666666663,11.0,0.6,1.870388173211463,4.190103304842702,0.15767634854771784,0.6099585062240664,0.0,0.0,2.6390573296152584,14.0,21.0,0.0,40.57833333333333,1,14.226273148148149,1
3330,5.814130531825066,30.0,14.451666666666666,7.225833333333333,23.0,1.0,1.4484975267301115,2.044138267783214,0.11173184357541899,0.5446927374301676,1.0,0.0748502994011976,5.087596335232384,41.0,12.0,3.0,43.677567567567564,1,14.231122685185186,1
3331,4.2626798770413155,13.0,4.792307692307692,1.0383333333333333,8.0,0.3,1.8735538640862859,6.455589958778159,0.2,0.05714285714285714,1.0,0.04285714285714286,0.0,2.0,12.0,0.0,40.57833333333333,0,-5.0,1
3333,4.897839799950911,15.0,8.414444444444445,2.1036111111111113,14.0,0.6,1.6331354774995055,5.182740292785511,0.3383458646616541,0.06015037593984962,0.0,0.0,3.8501476017100584,12.0,1.0,0.0,30.426,0,-5.0,0
3334,5.111987788356544,34.0,4.011764705882353,2.2733333333333334,22.0,1.0,0.9254421754380895,2.5202902664634967,0.024242424242424242,0.4727272727272727,0.0,0.0,2.8903717578961645,11.0,18.0,0.0,40.57833333333333,1,7.074780092592593,1
3335,4.605170185988092,20.0,3.5233333333333334,1.1744444444444444,16.0,0.9,0.7758002466752918,2.5443008198771326,0.10101010101010101,0.5050505050505051,0.0,0.0,1.9459101490553132,3.0,17.0,1.0,33.33,1,25.168425925925927,1
3336,6.068425588244111,56.0,10.945238095238095,10.215555555555556,36.0,1.0,0.8409370426576867,1.201294614533176,0.0,0.419953596287703,0.0,0.0,4.836281906951478,31.0,37.0,0.0,47.640243902439025,1,9.301597222222222,1
3338,2.70805020110221,2.0,2.566666666666667,0.08555555555555557,2.0,0.1,3.16227766016838,25.20783296649954,0.0,1.0,0.0,0.0,0.0,0.0,0.0,0.0,40.57833333333333,0,-5.0,0
3339,6.139884552226255,20.0,15.868333333333334,5.289444444444444,15.0,0.9,1.2135269387014458,3.202155959826851,0.0021598272138228943,0.5701943844492441,0.0,0.0,4.875197323201151,47.0,24.0,2.0,29.724999999999998,1,4.130358796296297,1
3340,2.833213344056216,7.0,1.0,0.11666666666666667,4.0,0.4,1.4191155304938667,5.042535403203051,0.0,0.375,0.0,0.0,1.3862943611198906,3.0,0.0,0.0,40.57833333333333,0,-5.0,0
3341,5.517452896464707,22.0,5.6499999999999995,2.0716666666666668,15.0,0.7,2.000375969531158,5.211852342493024,0.0,0.19648093841642228,2.0,0.3185483870967742,2.70805020110221,8.0,0.0,0.0,40.57833333333333,0,-5.0,0
3342,0.0,0.0,0.0,0.0,0.0,0.0,3.16227766016838,25.20783296649954,0.0,0.2461799660441426,0.0,0.0,0.0,0.0,0.0,0.0,40.57833333333333,0,-5.0,0
3343,6.75110146893676,85.0,9.441764705882353,13.375833333333333,32.0,1.0,0.8421475646646973,1.3921590308814704,0.0029182879377431907,0.35019455252918286,3.0,0.11358313817330211,5.918893854273146,34.0,1.0,7.0,40.57833333333333,0,-5.0,0
3344,5.153291594497779,16.0,9.472916666666666,2.526111111111111,11.0,0.7,1.7040604114009528,5.1958484872705135,0.11046511627906977,0.2558139534883721,0.0,0.005813953488372093,4.07753744390572,38.0,0.0,4.0,40.57833333333333,0,-5.0,0
3345,3.6375861597263857,11.0,2.712121212121212,0.4972222222222222,10.0,0.8,0.7755077195191834,5.170553937668683,0.0,0.16216216216216217,0.0,0.0,1.3862943611198906,3.0,0.0,0.0,40.57833333333333,0,-5.0,0
3346,7.218176838403408,101.0,19.93168316831683,33.55166666666666,36.0,1.0,0.722545806718438,1.0548894617759537,0.04035216434336023,0.2193690388848129,0.0,0.0007336757153338225,6.9363427358340495,137.0,13.0,10.0,48.04125,1,25.330300925925926,1
3347,2.833213344056216,6.0,5.230555555555555,0.5230555555555555,6.0,0.4,1.536590742882148,3.2470440401397123,0.0,0.25,0.0,0.0,0.0,1.0,1.0,0.0,40.57833333333333,0,-5.0,1
3348,4.343805421853684,7.0,10.614285714285714,1.2383333333333333,6.0,0.3,2.1586790758276533,4.245444557429163,0.6842105263157895,0.0,0.0,0.0,1.6094379124341003,4.0,0.0,0.0,40.57833333333333,0,-5.0,0
3349,3.912023005428146,9.0,12.753703703703703,1.9130555555555555,7.0,0.5,1.4855809663340125,9.872981107804154,0.0,0.08163265306122448,0.0,0.0,2.70805020110221,10.0,0.0,0.0,40.57833333333333,0,-5.0,0
3350,4.844187086458591,12.0,9.718055555555555,1.943611111111111,9.0,0.6,1.895996882068839,3.9474050444157327,0.05555555555555555,0.5396825396825397,0.0,0.0,4.30406509320417,17.0,0.0,1.0,44.44222222222223,0,-5.0,0
3351,3.58351893845611,8.0,1.8854166666666665,0.2513888888888889,7.0,0.4,2.061415316372701,6.682235266938969,0.05714285714285714,0.37142857142857144,0.0,0.0,0.0,1.0,13.0,0.0,40.57833333333333,1,6.562303240740741,1
3352,2.0794415416798357,2.0,2.675,0.08916666666666666,2.0,0.2,2.1349058829961804,25.20783296649954,0.0,0.5714285714285714,0.0,0.0,0.6931471805599453,1.0,0.0,0.0,40.57833333333333,0,-5.0,0
3353,5.030437921392435,14.0,7.288095238095238,1.7005555555555556,13.0,0.8,1.5611201201533318,2.9893609191141994,0.0,0.39473684210526316,0.0,0.0,3.7376696182833684,33.0,6.0,0.0,33.33,1,7.648854166666666,1
3354,2.6390573296152584,3.0,1.527777777777778,0.0763888888888889,2.0,0.1,3.1622776601683786,2.1496537194446868,0.0,0.9230769230769231,0.0,0.0,0.0,0.0,2.0,0.0,40.57833333333333,0,-5.0,0
3355,7.116394144093465,13.0,25.694871794871798,5.567222222222223,11.0,0.8,1.5424867122790005,4.1910979873609735,0.0,0.0,2.0,0.048740861088545896,6.78332520060396,653.0,0.0,11.0,51.40730769230769,0,-5.0,1
3356,6.555356891810665,44.0,13.906060606060606,10.197777777777778,33.0,1.0,1.6769070393062813,1.6732379298021305,0.0,0.6082621082621082,0.0,0.0014245014245014246,6.131226489483141,113.0,52.0,22.0,40.9695652173913,1,25.194340277777776,1
3357,6.013715156042802,32.0,14.538541666666667,7.7538888888888895,22.0,1.0,0.8317270964275645,2.624257754794435,0.17814726840855108,0.0665083135391924,1.0,0.0661764705882353,5.225746673713202,94.0,18.0,17.0,51.12775,1,23.94533564814815,1
3358,4.454347296253507,17.0,6.3196078431372555,1.7905555555555557,14.0,1.0,1.1081467569368464,2.6209075813707066,0.0,0.047058823529411764,0.0,0.0,1.791759469228055,6.0,21.0,0.0,40.57833333333333,1,4.13412037037037,1
3359,5.0238805208462765,9.0,7.1685185185185185,1.0752777777777778,7.0,0.5,2.5598403803138603,7.615495287953063,0.0,0.026490066225165563,0.0,0.0,4.174387269895637,35.0,1.0,12.0,40.57833333333333,0,-5.0,0
3360,4.430816798843313,9.0,3.672222222222222,0.5508333333333333,7.0,0.5,1.6343457254285612,8.088757693551953,0.0,0.4457831325301205,0.0,0.0,2.772588722239781,10.0,4.0,1.0,40.57833333333333,1,15.08116898148148,1
3361,4.867534450455582,9.0,6.8277777777777775,1.0241666666666667,6.0,0.4,1.8415090858129253,3.677188859062731,0.0,0.0,0.0,0.0,4.276666119016055,30.0,0.0,1.0,40.57833333333333,0,-5.0,0
3362,6.725033642166843,31.0,20.530107526881718,10.607222222222221,25.0,0.8,1.659957836235671,2.7380849351211527,0.0,0.3076923076923077,0.0,0.002403846153846154,6.249975242259483,188.0,47.0,29.0,12.495000000000001,1,24.21641203703704,1
3363,5.099866427824199,8.0,6.647916666666667,0.886388888888889,8.0,0.5,2.0161670245427756,6.742839599915032,0.0,0.03680981595092025,0.0,0.0,0.0,1.0,34.0,0.0,40.57833333333333,1,23.262048611111112,1
3364,4.219507705176107,14.0,1.5952380952380953,0.3722222222222223,10.0,0.7,1.1302405176036556,6.31662573274989,0.0,0.44776119402985076,0.0,0.0,0.0,2.0,8.0,1.0,40.57833333333333,1,25.308194444444446,1
3365,7.039660349862076,5.0,47.57666666666667,3.964722222222222,4.0,0.4,2.332182916673537,10.792701090085448,0.0,0.0034482758620689655,6.0,0.21578947368421053,6.586171654854675,639.0,2.0,11.0,47.218333333333334,0,-5.0,1
3366,0.0,0.0,0.0,0.0,0.0,0.0,3.16227766016838,25.20783296649954,0.0,0.2461799660441426,0.0,0.0,0.0,0.0,0.0,0.0,40.57833333333333,0,-5.0,0
3367,5.342334251964811,4.0,16.174999999999997,1.0783333333333331,3.0,0.2,3.1119302628035013,10.406167582665141,0.057692307692307696,0.7884615384615384,0.0,0.0,4.762173934797756,34.0,0.0,0.0,11.106666666666667,0,-5.0,0
3369,6.317164686747284,54.0,19.307407407407407,17.376666666666665,36.0,1.0,0.8234436220722415,1.173573913239887,0.0,0.1410488245931284,0.0,0.0,5.786897381366708,58.0,0.0,0.0,47.7519387755102,0,-5.0,0
3371,5.840641657373398,13.0,22.65,4.9075,8.0,0.5,2.8231601957996286,3.7400676680719864,0.0,0.8862973760932945,0.0,0.0029154518950437317,5.455321115357702,99.0,5.0,0.0,37.37785714285714,0,-5.0,0
3372,2.0794415416798357,1.0,2.6333333333333333,0.04388888888888889,1.0,0.1,3.16227766016838,25.20783296649954,0.0,0.0,0.0,0.0,1.3862943611198906,3.0,0.0,0.0,40.57833333333333,0,-5.0,0
3373,5.209486152841421,21.0,8.88968253968254,3.111388888888889,16.0,0.7,0.987585460230712,3.464038368939149,0.0,0.0,0.0,0.0,4.219507705176107,19.0,0.0,8.0,43.053333333333335,0,-5.0,0
3374,4.8283137373023015,17.0,3.9774509803921574,1.1269444444444445,13.0,0.9,1.5245514552004158,2.797226165778906,0.0,0.6451612903225806,0.0,0.0,1.6094379124341003,5.0,20.0,0.0,40.57833333333333,1,7.634305555555556,0
3375,4.804021044733257,8.0,1.3166666666666667,0.17555555555555555,6.0,0.5,2.8749166637265717,7.41865114242383,0.1487603305785124,0.1487603305785124,0.0,0.0743801652892562,4.532599493153256,64.0,0.0,0.0,40.57833333333333,0,-5.0,0
3376,5.575949103146316,32.0,8.71875,4.65,23.0,0.8,0.819997612295726,3.1328137460792083,0.0,0.36329588014981273,1.0,0.07984790874524715,4.290459441148391,41.0,9.0,1.0,39.519999999999996,1,5.162881944444444,0
3377,4.330733340286331,11.0,4.000000000000001,0.7333333333333335,9.0,0.6,1.9015263524694581,4.362782893910481,0.12,0.4533333333333333,0.0,0.0,1.0986122886681098,3.0,18.0,1.0,40.57833333333333,1,6.504328703703703,1
3379,4.219507705176107,8.0,4.4,0.5866666666666667,7.0,0.4,1.6650694061580682,6.932404734137128,0.13432835820895522,0.29850746268656714,0.0,0.0,0.6931471805599453,2.0,9.0,0.0,40.57833333333333,1,0.28585648148148146,0
3380,5.905361848054571,34.0,4.988725490196079,2.8269444444444445,17.0,0.7,1.1221199082141162,4.439836346555205,0.00546448087431694,0.18579234972677597,0.0,0.00546448087431694,5.099866427824199,40.0,0.0,0.0,40.57833333333333,0,-5.0,0
3381,4.454347296253507,6.0,8.194444444444445,0.8194444444444444,6.0,0.5,2.0693475189468473,6.421813622134253,0.0,0.023529411764705882,0.0,0.0,0.0,1.0,8.0,0.0,40.57833333333333,1,24.17744212962963,1
3415,4.330733340286331,6.0,10.41388888888889,1.041388888888889,6.0,0.5,2.0086233846180743,3.6747870920353014,0.0,0.21333333333333335,0.0,0.0,3.9889840465642745,11.0,0.0,0.0,40.57833333333333,0,-5.0,0
3416,0.0,0.0,0.0,0.0,0.0,0.0,3.16227766016838,25.20783296649954,0.0,0.2461799660441426,0.0,0.0,0.0,0.0,0.0,0.0,40.57833333333333,0,-5.0,0
3417,5.955837369464831,6.0,18.016666666666666,1.8016666666666665,3.0,0.1,3.162277660168379,1.560393422740387,0.3974025974025974,0.2051948051948052,0.0,0.0,5.356586274672012,125.0,0.0,10.0,40.57833333333333,0,-5.0,0
3418,5.493061443340548,13.0,11.737179487179487,2.5430555555555556,12.0,0.8,1.6605424444116805,3.6535865447847127,0.0,0.045454545454545456,0.0,0.0,4.30406509320417,35.0,6.0,3.0,40.57833333333333,1,16.28099537037037,1
3419,6.104793232414985,26.0,9.08397435897436,3.936388888888889,18.0,0.9,1.041493215760605,3.17346926073135,0.0,0.4116331096196868,0.0,0.0,5.545177444479562,80.0,0.0,10.0,45.55277777777778,0,-5.0,0
3421,5.472270673671475,12.0,8.602777777777776,1.7205555555555554,11.0,0.6,2.6281500061904115,8.267787994817398,0.047619047619047616,0.09803921568627451,2.0,0.21940928270042195,3.6375861597263857,28.0,17.0,1.0,41.662499999999994,1,8.390393518518518,1
3422,4.663439094112067,16.0,1.7791666666666668,0.4744444444444445,10.0,0.7,1.85177626451935,4.221095774561619,0.0,0.6666666666666666,0.0,0.0,3.5263605246161616,23.0,0.0,2.0,40.57833333333333,0,-5.0,0
3423,4.969813299576001,7.0,4.55,0.5308333333333333,7.0,0.5,2.790319967436036,6.555224273110771,0.0,0.87248322147651,1.0,0.3986013986013986,3.258096538021482,26.0,0.0,0.0,40.57833333333333,0,-5.0,0
3424,6.263398262591624,5.0,20.193333333333335,1.6827777777777777,3.0,0.3,3.128816648391682,13.14806856903483,0.0,0.0,0.0,0.0,5.929589143389895,118.0,0.0,11.0,40.57833333333333,0,-5.0,0
3425,1.6094379124341003,3.0,0.7777777777777778,0.03888888888888889,3.0,0.2,2.41522945769824,16.777376920121718,0.0,0.0,0.0,0.0,0.0,0.0,0.0,0.0,40.57833333333333,0,-5.0,0
3427,6.171700597410915,25.0,10.214666666666666,4.256111111111111,19.0,0.8,1.501872534007896,2.123435013082819,0.4456066945606695,0.5271966527196653,0.0,0.0,5.19295685089021,108.0,15.0,10.0,40.57833333333333,1,15.153472222222222,1
3428,5.777652323222656,12.0,18.29722222222222,3.6594444444444445,11.0,0.6,1.4883647242759874,5.744520975493537,0.046875,0.7526041666666666,5.0,0.5124223602484472,3.970291913552122,33.0,0.0,0.0,40.57833333333333,0,-5.0,0
3430,0.0,0.0,0.0,0.0,0.0,0.0,3.16227766016838,25.20783296649954,0.0,0.2461799660441426,0.0,0.0,0.0,0.0,0.0,0.0,40.57833333333333,0,-5.0,0
3431,5.181783550292085,7.0,7.923809523809524,0.9244444444444445,6.0,0.3,2.0478093704615117,4.989438900897121,0.0,0.0,0.0,0.005649717514124294,4.04305126783455,9.0,0.0,0.0,49.995,0,-5.0,0
3432,2.3978952727983707,3.0,8.188888888888888,0.40944444444444444,3.0,0.3,2.211083193570267,15.988789176973446,0.0,0.2,0.0,0.0,0.6931471805599453,1.0,0.0,0.0,40.57833333333333,0,-5.0,0
3433,4.61512051684126,17.0,3.981372549019608,1.1280555555555556,13.0,0.4,1.7249798710580815,1.594741461094366,0.0,0.35,0.0,0.0,2.8903717578961645,5.0,0.0,0.0,40.57833333333333,0,-5.0,0
3434,4.812184355372417,20.0,8.32,2.7733333333333334,14.0,0.6,1.6965431125239676,3.227145351401804,0.0,0.04918032786885246,1.0,0.05737704918032787,3.5553480614894135,25.0,5.0,0.0,40.57833333333333,1,16.513530092592593,0
3435,5.560681631015528,7.0,35.56666666666667,4.149444444444445,7.0,0.6,1.5701890407829184,11.674788347469788,0.0,0.023166023166023165,0.0,0.0,5.214935757608986,58.0,0.0,2.0,14.28,0,-5.0,0
3436,3.970291913552122,5.0,1.6933333333333334,0.1411111111111111,3.0,0.2,2.3321355054496924,2.64807640799135,0.0,0.0,0.0,0.0,0.0,1.0,6.0,0.0,40.57833333333333,1,9.119340277777777,1
3437,2.302585092994046,2.0,0.675,0.022500000000000003,2.0,0.1,3.1622776601683795,25.20783296649954,0.0,0.0,0.0,0.0,0.0,0.0,0.0,0.0,40.57833333333333,0,-5.0,0
3439,0.0,0.0,0.0,0.0,0.0,0.0,3.16227766016838,25.20783296649954,0.0,0.2461799660441426,0.0,0.0,0.0,0.0,0.0,0.0,40.57833333333333,0,-5.0,0
3440,2.995732273553991,4.0,6.916666666666666,0.4611111111111111,4.0,0.3,1.7622630180838854,11.491429013399006,0.0,0.3684210526315789,0.0,0.0,0.0,1.0,2.0,0.0,40.57833333333333,0,-5.0,0
3441,5.808142489980444,15.0,13.426666666666666,3.3566666666666665,13.0,0.7,1.4737369009489096,5.807877409219355,0.08433734939759036,0.5391566265060241,0.0,0.0,5.147494476813453,91.0,10.0,24.0,21.425,1,14.443506944444444,1
3442,4.983606621708336,22.0,5.623484848484849,2.0619444444444444,16.0,0.7,1.2191496227354268,3.162274239441863,0.0,0.3448275862068966,0.0,0.0,3.4011973816621555,9.0,25.0,0.0,40.57833333333333,1,14.093842592592592,1
3443,3.295836866004329,3.0,3.6444444444444444,0.18222222222222223,3.0,0.3,1.7503639144488214,21.459651427516228,0.0,0.0,0.0,0.0,0.0,0.0,0.0,0.0,40.57833333333333,0,-5.0,0
3444,2.70805020110221,4.0,3.283333333333333,0.21888888888888888,3.0,0.3,1.9401475035679392,4.380377058038587,0.0,1.0,0.0,0.0,2.1972245773362196,4.0,0.0,0.0,40.57833333333333,0,-5.0,0
3445,5.187385805840755,17.0,8.678431372549019,2.4588888888888887,15.0,0.6,1.6692527174325995,4.5320618554335335,0.43258426966292135,0.6404494382022472,0.0,0.0,3.6375861597263857,29.0,20.0,0.0,16.66,1,25.002858796296298,1
3447,5.652489180268651,41.0,7.171544715447155,4.900555555555556,23.0,0.8,1.6226244595955048,1.8970928921622687,0.014084507042253521,0.20422535211267606,1.0,0.01056338028169014,3.58351893845611,20.0,28.0,0.0,40.57833333333333,1,1.3892361111111111,0
3448,5.673323267171493,11.0,17.16212121212121,3.1463888888888887,7.0,0.5,2.2485297085380833,10.579993352032082,0.0,0.11379310344827587,0.0,0.0,5.278114659230517,44.0,1.0,3.0,34.327619047619045,0,-5.0,0
3449,3.4339872044851463,8.0,2.3604166666666666,0.31472222222222224,8.0,0.6,1.625415426480866,5.536076164930681,0.0,0.16666666666666666,0.0,0.0,1.9459101490553132,5.0,0.0,0.0,40.57833333333333,0,-5.0,0
3450,5.087596335232384,16.0,5.85625,1.5616666666666668,14.0,0.7,1.2659740224145777,2.2534310042949657,0.06832298136645963,0.13043478260869565,0.0,0.0,3.295836866004329,21.0,21.0,0.0,40.57833333333333,1,24.036273148148148,1
3451,5.926926025970411,64.0,2.37421875,2.5324999999999998,29.0,1.0,1.042605527884173,1.7389024060186327,0.026737967914438502,0.0962566844919786,0.0,0.0,3.912023005428146,15.0,1.0,0.0,40.57833333333333,0,-5.0,0
