,events,sessions,mean_sess_min,time_on_task_h,active_days,active_weeks_ratio,weekly_cv,gap_sd_days,night_ratio,weekend_ratio,practice_attempts,practice_share,content_views,content_diversity,self_monitoring,forum_glossary,scorm_mean_score,synopsis_submitted,synopsis_lead_days,exam_window_share,cluster,final_done
1091,5.375278407684165,16,6.746875,1.7991666666666668,13,0.2857142857142857,3.038788904910119,14.417921258721444,0.0,0.8879668049792531,0.0,0.0,4.499809670330265,26,0.0,9.0,38.09285714285714,0,-5.0,0.3581395348837209,Exam-only / last-minute,0
1214,3.970291913552122,15,3.5233333333333334,0.8808333333333334,8,0.17857142857142858,2.673151221579087,4.48075671251048,0.0,0.25,0.0,0.0,3.1354942159291497,20,0.0,0.0,38.09285714285714,0,-5.0,0.09615384615384616,Exam-only / last-minute,0
2472,3.9318256327243257,11,17.018181818181816,3.1199999999999997,5,0.14285714285714285,3.402447920520144,10.981032254779272,0.08,0.28,0.0,0.0,2.70805020110221,14,0.0,0.0,38.09285714285714,0,-5.0,0.16,Exam-only / last-minute,0
2502,6.79346613258001,27,22.89074074074074,10.300833333333333,22,0.39285714285714285,2.810047125282378,7.4802405062123025,0.013289036544850499,0.17054263565891473,2.0,0.03367003367003367,6.238324625039508,402,31.0,3.0,40.57833333333333,1,9.268159722222222,0.07072905331882481,Planful submitters,1
3196,4.31748811353631,2,13.458333333333334,0.4486111111111111,1,0.03571428571428571,5.291502622129181,53.85921267449797,0.0,1.0,0.0,0.0,0.0,2,0.0,0.0,38.09285714285714,0,-5.0,0.0,Exam-only / last-minute,0
3210,6.20455776256869,65,9.483333333333333,10.27361111111111,38,0.5357142857142857,1.8569909422812267,2.3196967435625617,0.021956087824351298,0.2934131736526946,0.0,0.0020242914979757085,5.313205979041787,42,0.0,5.0,35.41375,0,-5.0,0.08669354838709678,Passive content consumers,0
3242,5.634789603169249,9,10.679629629629629,1.6019444444444444,8,0.21428571428571427,3.04761711904932,42.23850597586184,0.12411347517730496,0.8226950354609929,1.0,0.014336917562724014,4.31748811353631,59,1.0,0.0,26.666666666666668,0,-5.0,0.014234875444839857,Passive content consumers,0
3251,5.8522024797744745,27,8.887037037037038,3.999166666666667,22,0.5,2.2666337933184906,27.985014777310862,0.0,0.486810551558753,0.0,0.0,4.663439094112067,76,0.0,2.0,38.09285714285714,0,-5.0,0.2276657060518732,Passive content consumers,0
3252,5.820082930352362,31,12.729032258064517,6.576666666666667,20,0.4642857142857143,3.781104382897069,11.117562134899725,0.0519774011299435,0.7378531073446327,1.0,0.01488095238095238,4.6443908991413725,33,0.0,0.0,16.66,0,-5.0,0.23809523809523808,Passive content consumers,0
3253,6.912742820493176,84,13.650595238095239,19.110833333333336,44,0.7857142857142857,2.1746175501873535,3.5843071769091255,0.10174418604651163,0.08624031007751938,13.0,0.2061752988047809,5.7745515455444085,167,33.0,6.0,33.33,1,25.05261574074074,0.3733459357277883,Intensive self-testers,1
3254,6.634633357861686,25,10.547333333333334,4.394722222222223,19,0.42857142857142855,2.501806422404846,7.068098893783575,0.0021231422505307855,0.4150743099787686,0.0,0.002631578947368421,5.817111159963204,72,21.0,24.0,16.66,1,29.12826388888889,0.15547263681592038,Planful submitters,1
3255,4.897839799950911,17,10.318627450980394,2.9236111111111116,14,0.39285714285714285,4.863166095387283,15.20132964794187,0.0,0.7885615251299827,0.0,0.0,1.9459101490553132,7,1.0,0.0,38.09285714285714,0,-5.0,0.6390977443609023,Exam-only / last-minute,0
3256,4.584967478670572,5,15.543333333333333,1.2952777777777778,4,0.14285714285714285,4.510581446885801,32.465483347385636,0.018867924528301886,0.9716981132075472,0.0,0.0,0.0,4,2.0,0.0,38.09285714285714,1,1.3896296296296295,0.8350515463917526,Exam-only / last-minute,0
3257,5.2832037287379885,5,29.24,2.4366666666666665,6,0.14285714285714285,3.594393295052377,22.51316043858611,0.008064516129032258,0.3346774193548387,0.0,0.0,4.143134726391533,15,1.0,0.0,47.701428571428565,0,-5.0,0.5153061224489796,Exam-only / last-minute,0
3258,6.478509642208569,31,7.93978494623656,4.102222222222222,18,0.42857142857142855,3.847697176226018,9.439409294544348,0.0,0.04783258594917788,0.0,0.0015384615384615385,6.063785208687608,302,12.0,32.0,38.09285714285714,1,25.176296296296297,0.12,Planful submitters,0
3259,5.730099782973574,21,9.923015873015872,3.4730555555555553,15,0.32142857142857145,4.118479085722875,19.5770817891154,0.0,0.0037220843672456576,0.0,0.0,4.31748811353631,22,6.0,0.0,38.09285714285714,0,-5.0,0.4006514657980456,Exam-only / last-minute,0
3260,5.043425116919247,22,9.562121212121212,3.506111111111111,16,0.42857142857142855,4.438243234058697,7.877053243314896,0.0,0.10460251046025104,0.0,0.0,3.7376696182833684,23,2.0,0.0,38.09285714285714,0,-5.0,0.5,Exam-only / last-minute,0
3261,6.633318433280377,84,8.873015873015872,12.42222222222222,48,0.6785714285714286,3.4002026286337017,4.229619248836144,0.022270114942528736,0.5567528735632183,4.0,0.14624505928853754,5.375278407684165,130,45.0,10.0,38.09285714285714,1,24.05578703703704,0.37192118226600984,Intensive self-testers,1
3262,6.376726947898627,30,14.738888888888889,7.3694444444444445,18,0.35714285714285715,2.6084240147362077,6.340508291737929,0.266078184110971,0.8600252206809584,0.0,0.0,5.8377304471659395,206,34.0,0.0,21.90095238095238,1,21.001875,0.1501597444089457,Planful submitters,1
3263,6.480044561926653,44,16.200757575757578,11.880555555555556,35,0.6785714285714286,2.7708328271046496,6.923296239499292,0.5020542317173378,0.06902218570254724,2.0,0.250384024577573,4.804021044733257,50,10.0,1.0,38.09285714285714,1,19.060613425925926,0.13210445468509985,Intensive self-testers,0
3264,6.53813982376767,48,9.59548611111111,7.676388888888889,23,0.35714285714285715,2.3773970285375707,6.4005848869771,0.0,0.20431654676258992,0.0,0.0014492753623188406,5.579729825986222,100,0.0,9.0,50.274166666666666,0,-5.0,0.04927536231884058,Passive content consumers,0
3265,6.46302945692067,21,22.344444444444445,7.820555555555556,13,0.2857142857142857,3.033095881750761,8.766108014443692,0.0023121387283236996,0.530635838150289,0.0,0.0,5.877735781779639,285,2.0,1.0,38.09285714285714,0,-5.0,0.2734375,Passive content consumers,0
3266,6.652863029353347,28,18.267857142857142,8.525,24,0.4642857142857143,2.3940727719286516,20.852087249196003,0.030235162374020158,0.4087346024636058,6.0,0.26356589147286824,5.176149732573829,149,16.0,5.0,38.09285714285714,1,3.9765972222222223,0.1547314578005115,Passive content consumers,0
3267,4.454347296253507,10,3.7233333333333336,0.6205555555555555,9,0.21428571428571427,3.4896016243651937,33.010231833933396,0.0,0.23529411764705882,0.0,0.0,3.6109179126442243,21,1.0,1.0,38.09285714285714,0,-5.0,0.0,Exam-only / last-minute,0
3268,6.436150368369428,25,17.740666666666666,7.391944444444444,21,0.5,2.9976736035119576,5.638316696441377,0.0,0.6911764705882353,0.0,0.0,5.4680601411351315,195,10.0,4.0,52.427894736842106,1,15.598055555555556,0.1312,Planful submitters,0
3269,6.042632833682381,36,10.488888888888889,6.293333333333334,24,0.5714285714285714,2.3647042166559635,5.062466884162158,0.03792415169660679,0.7744510978043913,1.0,0.007142857142857143,4.795790545596741,61,22.0,0.0,37.164,1,6.939282407407408,0.24943820224719102,Planful submitters,1
3270,4.919980925828125,22,3.1166666666666667,1.1427777777777777,20,0.5,3.8742516893825183,4.35255406710721,0.0,0.7551020408163265,0.0,0.0,1.0986122886681098,4,1.0,0.0,38.09285714285714,0,-5.0,0.6176470588235294,Exam-only / last-minute,0
3271,6.591673732008658,43,9.28875968992248,6.656944444444445,31,0.5,2.6706301531836445,12.660179287549076,0.23948220064724918,0.13268608414239483,0.0,0.0013736263736263737,5.4510384535657,63,38.0,10.0,33.33,1,11.060069444444444,0.25630810092961487,Planful submitters,1
3272,6.833031732786201,45,39.56407407407408,29.673055555555557,25,0.42857142857142855,2.360103813304822,6.718401141761237,0.001597444089456869,0.1182108626198083,0.0,0.0,6.428105272684596,177,2.0,2.0,53.907067669172925,0,-5.0,0.07982740021574973,Passive content consumers,0
3273,6.637258031284457,40,21.08625,14.0575,31,0.6428571428571429,1.8563256120181006,7.2145751446066555,0.2816166883963494,0.17079530638852672,0.0,0.0,6.324358962381311,447,24.0,21.0,40.769999999999996,1,24.964837962962964,0.13177339901477833,Planful submitters,1
3274,6.5337888379333435,65,10.561794871794872,11.441944444444443,37,0.5714285714285714,1.764282203122769,4.0088396756695985,0.0,0.04193138500635324,4.0,0.22998544395924309,5.5053315359323625,103,28.0,2.0,53.997,1,5.369710648148148,0.24466571834992887,Intensive self-testers,1
3275,4.919980925828125,21,8.005555555555556,2.8019444444444446,18,0.42857142857142855,2.9747894519790754,13.246165628136799,0.12413793103448276,0.2,0.0,0.007352941176470588,3.367295829986474,23,17.0,0.0,38.88333333333333,1,6.934212962962963,0.5632183908045977,Exam-only / last-minute,1
3276,7.301822342137932,87,23.211494252873564,33.656666666666666,43,0.6428571428571429,2.13610515594622,2.7952738917717816,0.39461883408071746,0.2942825112107623,0.0,0.0,6.947937068614969,246,4.0,50.0,51.28855769230769,0,-5.0,0.12955465587044535,Passive content consumers,0
3277,5.91350300563827,39,13.334615384615384,8.667499999999999,25,0.42857142857142855,2.5677253582273374,21.887004751682863,0.0,0.13716814159292035,0.0,0.0027100271002710027,5.003946305945459,41,0.0,1.0,39.150000000000006,0,-5.0,0.2872628726287263,Passive content consumers,0
3278,6.516193076042964,79,12.339873417721519,16.2475,50,0.5357142857142857,1.7972929364174313,11.070566312537604,0.019830028328611898,0.11473087818696884,0.0,0.0,5.883322388488279,69,37.0,10.0,52.10424242424243,1,14.99236111111111,0.11388888888888889,Planful submitters,1
3279,4.812184355372417,20,3.3600000000000003,1.12,17,0.4642857142857143,3.9230779275034853,4.669883195685091,0.0,0.7365439093484419,0.0,0.0,1.0986122886681098,6,0.0,1.0,38.09285714285714,0,-5.0,0.6639344262295082,Exam-only / last-minute,0
3281,6.695798917058491,15,25.125555555555554,6.2813888888888885,12,0.25,4.309495057812422,38.192029859306835,0.3213429256594724,0.0035971223021582736,0.0,0.0,5.929589143389895,194,1.0,32.0,6.409615384615384,0,-5.0,0.13861386138613863,Passive content consumers,0
3282,7.267525427828172,54,28.97716049382716,26.079444444444444,22,0.39285714285714285,2.3567229495108086,6.712165539205968,0.00800753650494583,0.36928874234573716,5.0,0.10195530726256984,6.665683717782408,110,1.0,0.0,45.91325,0,-5.0,0.08449720670391062,Passive content consumers,0
3283,6.939253946041508,80,11.185208333333332,14.913611111111111,48,0.7142857142857143,1.4933453329023274,2.739351080303849,0.01254180602006689,0.2525083612040134,5.0,0.1309408341416101,5.58724865840025,146,5.0,4.0,27.93725,0,-5.0,0.3123181377303589,Intensive self-testers,0
3284,5.955837369464831,27,8.436419753086419,3.796388888888889,25,0.6785714285714286,2.579293260607895,11.165453599553528,0.1206896551724138,0.3078817733990148,0.0,0.0,4.61512051684126,90,3.0,1.0,38.09285714285714,0,-5.0,0.22337662337662337,Passive content consumers,0
3285,6.859614903654202,54,6.293827160493827,5.664444444444444,40,0.6428571428571429,1.8774187475868322,7.229658874118568,0.0,0.08382066276803118,3.0,0.06302521008403361,6.48768401848461,223,3.0,16.0,38.09285714285714,0,-5.0,0.09033613445378151,Passive content consumers,0
3287,6.09807428216624,30,9.379444444444443,4.689722222222222,21,0.39285714285714285,3.7403961445833347,11.262379137327777,0.13024282560706402,0.26490066225165565,0.0,0.0,5.356586274672012,206,18.0,0.0,38.09285714285714,1,0.3387384259259259,0.17479674796747968,Passive content consumers,1
3288,6.70073110954781,66,9.11060606060606,10.021666666666667,50,0.7142857142857143,2.3799373468444704,4.157328834684761,0.015037593984962405,0.1588345864661654,6.0,0.25862068965517243,4.9344739331306915,51,64.0,1.0,33.33,1,24.079722222222223,0.30257009345794394,Intensive self-testers,1
3289,5.834810737062605,22,20.077272727272728,7.361666666666666,13,0.25,4.0553175106930945,21.83314597861133,0.017434620174346202,0.6425902864259029,0.0,0.011730205278592375,4.248495242049359,38,5.0,16.0,38.09285714285714,0,-5.0,0.45161290322580644,Exam-only / last-minute,0
3290,6.68586094706836,37,8.616666666666667,5.313611111111111,28,0.5714285714285714,2.3952921287646096,14.786554152171865,0.002364066193853428,0.13356973995271867,0.0,0.0,6.135564891081739,237,27.0,24.0,38.09285714285714,1,24.174560185185186,0.10462287104622871,Planful submitters,1
3291,4.77912349311153,10,14.183333333333332,2.3638888888888885,4,0.10714285714285714,4.385971675322635,24.84490742083333,0.0,0.9645390070921985,0.0,0.0,2.302585092994046,5,0.0,0.0,15.469999999999999,0,-5.0,0.788135593220339,Exam-only / last-minute,0
3292,6.720220155135295,31,23.253763440860215,12.014444444444445,19,0.42857142857142855,2.2470500282730437,7.918287675468318,0.09397590361445783,0.6734939759036145,0.0,0.0,6.39024066706535,165,17.0,16.0,33.74181818181818,1,1.0965162037037037,0.08997722095671981,Passive content consumers,1
3293,5.459585514144159,20,13.502500000000001,4.5008333333333335,18,0.5,4.680921379022159,3.9346047359718823,0.0,0.0677710843373494,0.0,0.0,3.8066624897703196,39,0.0,4.0,38.09285714285714,0,-5.0,0.3547008547008547,Exam-only / last-minute,0
3294,5.799092654460526,8,36.197916666666664,4.826388888888888,6,0.17857142857142858,3.637004194874449,11.12958743303734,0.0,0.839142091152815,0.0,0.0,4.941642422609304,38,4.0,0.0,24.758181818181814,0,-5.0,0.22188449848024316,Passive content consumers,0
3295,5.726847747587197,27,8.057407407407407,3.625833333333333,22,0.39285714285714285,2.50596049739216,7.739553278867524,0.0,0.12274959083469722,2.0,0.17647058823529413,4.04305126783455,42,6.0,0.0,38.09285714285714,0,-5.0,0.2647058823529412,Passive content consumers,0
3296,6.827629234502852,36,15.219907407407407,9.131944444444445,24,0.4642857142857143,2.020643123065306,11.363617950790259,0.0,0.6724975704567542,0.0,0.0,6.013715156042802,173,0.0,2.0,15.469999999999999,0,-5.0,0.18004338394793926,Passive content consumers,0
3297,6.900730664045173,46,13.06195652173913,10.014166666666666,32,0.4642857142857143,1.7907463131047523,15.23335096202407,0.0,0.393,1.0,0.03024193548387097,5.683579767338681,115,39.0,8.0,9.626666666666667,1,14.449675925925925,0.32035053554040893,Planful submitters,1
3298,7.201916317531627,110,17.868939393939392,32.75972222222222,58,0.8214285714285714,1.7915666120149245,9.321078717883555,0.6158675799086758,0.4531963470319635,8.0,0.17598806860551827,6.0844994130751715,202,26.0,41.0,55.08025,1,1.853900462962963,0.3181148748159057,Intensive self-testers,1
3299,6.349138991379798,72,10.511574074074074,12.613888888888889,48,0.7142857142857143,2.0883610301272526,6.594229151687031,0.0,0.47564469914040114,4.0,0.14886164623467601,4.897839799950911,66,0.0,1.0,45.85846153846153,0,-5.0,0.38528896672504376,Passive content consumers,0
3300,7.172424577124845,78,18.889743589743592,24.55666666666667,49,0.6785714285714286,2.2737593461720382,4.459853595007901,0.015163002274450341,0.5830174374526156,1.0,0.060675883256528416,6.091309882077698,402,9.0,0.0,0.0,1,19.782881944444444,0.0,Planful submitters,0
3301,5.755742213586912,24,9.336805555555555,3.7347222222222225,18,0.35714285714285715,3.1536143806813817,23.632974100568234,0.005376344086021506,0.13440860215053763,0.0,0.0,4.890349128221754,76,7.0,4.0,38.09285714285714,0,-5.0,0.8253968253968254,Exam-only / last-minute,0
3302,6.703188113240863,68,12.397303921568627,14.050277777777778,52,0.75,3.0456363285816463,3.681338923126442,0.0035052578868302454,0.19929894842263396,1.0,0.08968058968058969,5.062595033026967,87,47.0,2.0,16.66333333333333,1,7.2069675925925925,0.27110582639714625,Intensive self-testers,1
3303,5.003946305945459,14,5.78452380952381,1.3497222222222223,13,0.32142857142857145,4.2378682252592785,14.312116745586067,0.0,0.75,0.0,0.0,4.2626798770413155,38,0.0,0.0,38.09285714285714,0,-5.0,0.006756756756756757,Exam-only / last-minute,0
3304,7.157735484249907,41,10.421951219512195,7.121666666666667,28,0.5,2.3648954578345553,4.708532943125425,0.0,0.1595521343596921,0.0,0.0,6.803505257608338,510,35.0,43.0,38.09285714285714,1,25.037743055555556,0.05534495830174375,Planful submitters,1
3305,6.716594773520978,62,11.127956989247311,11.498888888888889,39,0.6428571428571429,2.5742488551641216,3.2367146543764878,0.18138424821002386,0.4789180588703262,2.0,0.2703030303030303,4.990432586778736,59,27.0,15.0,38.09285714285714,1,25.00777777777778,0.10232558139534884,Intensive self-testers,1
3306,6.551080335043404,44,26.275,19.26833333333333,26,0.6071428571428571,2.113991684213215,5.759245838305273,0.030439684329199548,0.8861330326944757,1.0,0.01859799713876967,5.976350909297934,222,4.0,2.0,42.040416666666665,0,-5.0,0.13161659513590845,Passive content consumers,0
3307,4.574710978503383,7,13.890476190476189,1.6205555555555553,7,0.21428571428571427,3.2067819987212967,17.948356637784997,0.0,0.0594059405940594,0.0,0.010416666666666666,2.995732273553991,19,1.0,0.0,38.09285714285714,0,-5.0,0.53125,Exam-only / last-minute,0
3308,7.355641102974253,75,14.491333333333332,18.114166666666666,45,0.75,2.2740466479403945,4.776902003721567,0.05565529622980251,0.2232196289646918,5.0,0.27877237851662406,6.484635235635252,319,27.0,38.0,37.5259375,1,5.658368055555556,0.1922837585563161,Intensive self-testers,1
3309,6.576469569048224,41,20.791463414634148,14.207500000000001,23,0.5,3.986286601805911,7.562739000651262,0.0,0.5074455899198167,8.0,0.31520223152022314,5.58724865840025,114,3.0,1.0,53.580238095238094,0,-5.0,0.7196652719665272,Passive content consumers,0
3310,6.663132695990803,31,29.543548387096774,15.264166666666666,23,0.5,2.1726389315913086,9.301657014351903,0.24567901234567902,0.4839506172839506,0.0,0.0012787723785166241,6.272877006546167,143,11.0,0.0,18.534285714285716,1,0.21653935185185186,0.13104325699745548,Passive content consumers,0
3311,6.234410725718371,37,12.968468468468469,7.997222222222223,27,0.6071428571428571,2.9345335083282706,4.616771194424605,0.0,0.3349397590361446,0.0,0.0,5.19295685089021,81,0.0,12.0,38.09285714285714,0,-5.0,0.2318271119842829,Passive content consumers,0
3312,5.579729825986222,25,6.291333333333333,2.6213888888888888,21,0.42857142857142855,1.9290655735428628,6.091095430931565,0.024475524475524476,0.5384615384615384,0.0,0.0,3.8066624897703196,32,17.0,1.0,38.09285714285714,1,15.201527777777779,0.2891156462585034,Planful submitters,1
3313,7.292337176173877,21,13.93888888888889,4.878611111111112,16,0.35714285714285715,3.2543072470526235,19.611954143646514,0.0,0.16968477531857815,0.0,0.0,6.816735880594968,287,29.0,43.0,38.09285714285714,1,14.050706018518518,0.04983164983164983,Planful submitters,1
3314,6.089044875446846,47,6.920567375886525,5.421111111111111,36,0.7142857142857143,3.661741194356606,7.653062943256666,0.6364522417153996,0.7183235867446394,0.0,0.0022727272727272726,5.0689042022202315,89,7.0,5.0,44.617,0,-5.0,0.27045454545454545,Passive content consumers,0
3317,6.53813982376767,60,9.331111111111111,9.331111111111111,35,0.6785714285714286,3.571218914926902,5.064168197364239,0.0030902348578491965,0.6854140914709518,0.0,0.0,4.969813299576001,74,1.0,4.0,38.09285714285714,0,-5.0,0.2594202898550725,Passive content consumers,0
3318,6.580639137284949,54,16.59722222222222,14.9375,42,0.6071428571428571,3.18118511206033,11.200783734810784,0.19199122325836535,0.5682940208447613,6.0,0.29583333333333334,5.0106352940962555,49,23.0,2.0,43.45434782608695,1,5.877951388888889,0.145748987854251,Intensive self-testers,1
3319,6.021023349349527,23,9.506521739130434,3.6441666666666666,18,0.39285714285714285,2.771323661419375,5.29430493454336,0.0,0.2636165577342048,2.0,0.024330900243309004,5.4510384535657,165,11.0,12.0,38.09285714285714,0,-5.0,0.23542600896860988,Passive content consumers,1
3320,7.7354333524996886,130,7.635641025641026,16.54388888888889,83,0.8571428571428571,1.3964420218946183,6.78476904160971,0.0,0.1591005515485787,10.0,0.13336248360297331,6.863803391452954,356,50.0,35.0,38.09285714285714,1,24.565787037037037,0.047762478485370054,Intensive self-testers,1
3321,6.502790045915623,59,14.750282485875706,14.504444444444443,35,0.5714285714285714,1.6934259580091016,6.583619454342004,0.012162162162162163,0.6135135135135135,1.0,0.09309309309309309,5.135798437050262,96,32.0,13.0,47.748333333333335,1,24.200914351851853,0.26504297994269344,Planful submitters,1
3322,6.630683385642372,13,23.064102564102562,4.997222222222222,10,0.25,3.7996340504824193,12.645624940856353,0.0,0.04413347685683531,0.0,0.005284015852047556,6.455198563340122,571,1.0,2.0,38.09285714285714,0,-5.0,0.10700132100396301,Passive content consumers,0
3323,6.863803391452954,26,17.277564102564103,7.486944444444444,15,0.32142857142857145,3.9859515172148723,8.692566424134368,0.6853823814133592,0.006131010003226848,1.0,0.012552301255230125,6.60934924316738,152,0.0,63.0,0.0,0,-5.0,0.08472803347280335,Passive content consumers,0
3324,6.104793232414985,45,5.953333333333333,4.465,31,0.5357142857142857,1.8397991000595353,10.571439956462656,0.0,0.058577405857740586,1.0,0.08053691275167785,4.74493212836325,86,26.0,0.0,38.09285714285714,1,25.474664351851853,0.12179487179487179,Planful submitters,1
3325,5.71042701737487,6,39.266666666666666,3.9266666666666667,5,0.14285714285714285,5.234915895117454,7.806694074623493,0.9394387001477105,0.9985228951255539,0.0,0.0,4.941642422609304,73,0.0,11.0,8.33,0,-5.0,0.9800664451827242,Exam-only / last-minute,0
3326,6.061456918928017,37,10.216666666666667,6.300277777777778,25,0.5357142857142857,2.355555073754631,6.299331400629803,0.2733050847457627,0.3728813559322034,1.0,0.08177570093457943,4.897839799950911,97,23.0,20.0,38.09285714285714,0,-5.0,0.5023148148148148,Passive content consumers,0
3327,5.75890177387728,31,12.213440860215053,6.310277777777778,23,0.5,2.301757283034254,8.7893431631005,0.006024096385542169,0.35843373493975905,0.0,0.0,4.51085950651685,57,0.0,4.0,33.33,0,-5.0,0.29559748427672955,Passive content consumers,0
3328,6.86484777797086,73,10.656164383561643,12.965,51,0.7142857142857143,3.5292172838714637,12.818887032338484,0.09066305818673884,0.6955345060893099,0.0,0.0,6.023447592961033,120,0.0,37.0,50.05352941176471,0,-5.0,0.27377220480668757,Passive content consumers,0
3329,6.6895992691789665,40,10.192499999999999,6.795,25,0.4642857142857143,2.612696254793413,4.633571977387231,0.04567307692307692,0.38341346153846156,0.0,0.0,5.783825182329737,75,31.0,0.0,38.09285714285714,1,14.226273148148149,0.10206422018348624,Planful submitters,1
3330,6.778784897685177,84,12.769444444444446,17.877222222222223,63,0.8214285714285714,1.6211985623080156,2.547637411601745,0.35927505330490406,0.5746268656716418,2.0,0.06036446469248292,5.7745515455444085,163,14.0,5.0,43.677567567567564,1,14.231122685185186,0.1961883408071749,Intensive self-testers,1
3331,5.659482215759621,32,6.58125,3.51,18,0.2857142857142857,4.091230700745985,17.905120937115075,0.17647058823529413,0.22969187675070027,1.0,0.013986013986013986,3.9512437185814275,54,13.0,2.0,38.09285714285714,0,-5.0,0.6635802469135802,Exam-only / last-minute,1
3333,5.796057750765372,28,8.95357142857143,4.178333333333334,26,0.5,3.160241722158232,4.485719707262238,0.1955128205128205,0.4967948717948718,0.0,0.0,4.852030263919617,52,3.0,0.0,32.55625,0,-5.0,0.45121951219512196,Passive content consumers,0
3334,7.087573705557973,142,7.157159624413145,16.93861111111111,63,0.8928571428571429,2.139772141194708,2.5442084566909684,0.02042360060514372,0.670196671709531,9.0,0.3904682274247492,4.499809670330265,54,56.0,2.0,38.09285714285714,1,7.074780092592593,0.17723342939481268,Intensive self-testers,1
3335,5.493061443340548,59,3.578248587570622,3.5186111111111114,46,0.75,1.1625235074396536,10.796022206489472,0.048582995951417005,0.3562753036437247,0.0,0.0,3.1780538303479458,14,33.0,1.0,33.33,1,25.168425925925927,0.1366906474820144,Planful submitters,1
3336,7.289610521451167,163,13.234253578732107,35.95305555555556,88,0.8571428571428571,1.6447772050009146,2.5990190531609567,0.00294811320754717,0.15683962264150944,5.0,0.09836065573770492,5.736572297479192,99,128.0,11.0,41.84353846153846,1,9.301597222222222,0.20189274447949526,Intensive self-testers,1
3338,5.700443573390687,7,8.578571428571427,1.0008333333333332,6,0.14285714285714285,3.676548243722022,32.42973942197885,0.0,0.36363636363636365,0.0,0.0,4.382026634673881,78,0.0,1.0,38.09285714285714,0,-5.0,0.27181208053691275,Exam-only / last-minute,0
3339,6.450470422144176,37,10.915315315315315,6.731111111111111,27,0.6071428571428571,1.8058479479741119,3.6225000966229977,0.0015479876160990713,0.6145510835913313,0.0,0.0,4.983606621708336,59,35.0,2.0,29.724999999999998,1,4.130358796296297,0.11487481590574374,Planful submitters,1
3340,4.90527477843843,22,5.9386363636363635,2.1775,15,0.42857142857142855,4.854021998882668,9.998166899312304,0.0,0.02857142857142857,0.0,0.0,2.1972245773362196,11,0.0,0.0,38.09285714285714,0,-5.0,0.6194029850746269,Exam-only / last-minute,0
3341,6.452048954437226,54,12.570370370370371,11.313333333333334,38,0.6071428571428571,1.867783941942139,12.049890147263765,0.0,0.3016905071521456,3.0,0.12954186413902052,5.231108616854587,155,0.0,0.0,38.09285714285714,0,-5.0,0.16429699842022116,Passive content consumers,0
3342,6.520621127558696,12,17.769444444444446,3.5538888888888893,8,0.17857142857142858,4.068146530740006,5.8752898445175505,0.0013192612137203166,0.12269129287598944,0.0,0.0,5.926926025970411,143,0.0,14.0,38.09285714285714,0,-5.0,0.14749262536873156,Passive content consumers,0
3343,7.524021415206125,158,10.593565400843882,27.89638888888889,73,0.9285714285714286,1.6574469558535478,8.209260108322464,0.0041914076143905,0.17778553964373034,7.0,0.23392760669908158,6.349138991379798,85,5.0,7.0,38.09285714285714,0,-5.0,0.09454349000540249,Intensive self-testers,0
3344,6.236369590203704,25,17.16133333333333,7.150555555555555,17,0.39285714285714285,3.4065633463531055,20.299925358691247,0.5795053003533569,0.028857479387514724,4.0,0.20588235294117646,5.081404364984463,73,0.0,7.0,50.94952380952381,0,-5.0,0.1607843137254902,Passive content consumers,0
3345,6.71174039505618,41,18.515853658536585,12.6525,30,0.6428571428571429,2.4840726115217877,13.793298935562781,0.01899441340782123,0.7564245810055866,1.0,0.030450669914738125,6.082218910376446,101,7.0,5.0,46.288111111111114,0,-5.0,0.1668696711327649,Passive content consumers,0
3346,7.581719640125308,156,18.182585470085467,47.274722222222216,67,0.7142857142857143,1.3852260849892648,1.2741858464886584,0.027319830428638718,0.2680169571361281,5.0,0.07955124936257012,7.108244139731541,267,32.0,15.0,47.724736842105266,1,25.330300925925926,0.14193227091633467,Intensive self-testers,1
3347,5.0238805208462765,17,5.587254901960784,1.5830555555555557,16,0.39285714285714285,3.0895549508365585,13.611251941291307,0.0,0.24836601307189543,0.0,0.0,1.0986122886681098,7,5.0,0.0,38.09285714285714,0,-5.0,0.7040816326530612,Exam-only / last-minute,1
3348,5.093750200806762,13,10.376923076923077,2.2483333333333335,11,0.21428571428571427,3.274162527823229,23.634152644891703,0.2857142857142857,0.03296703296703297,0.0,0.0,1.6094379124341003,7,1.0,0.0,38.09285714285714,0,-5.0,0.5061728395061729,Exam-only / last-minute,0
3349,6.042632833682381,38,12.560964912280701,7.955277777777778,27,0.5357142857142857,2.952800480415017,6.346417847398075,0.0,0.4151193633952255,5.0,0.30714285714285716,4.174387269895637,52,0.0,0.0,38.09285714285714,0,-5.0,0.20714285714285716,Passive content consumers,0
3350,5.723585101952381,19,11.387719298245614,3.606111111111111,14,0.32142857142857145,3.9636878124295802,11.929393836269567,0.008413461538461538,0.0889423076923077,0.0,0.0,4.736198448394496,49,0.0,1.0,44.86923076923077,0,-5.0,0.580327868852459,Exam-only / last-minute,0
3351,5.6131281063880705,23,8.090579710144928,3.101388888888889,19,0.39285714285714285,2.9224005569358753,12.271575342054675,0.006557377049180328,0.6688524590163935,0.0,0.0,3.970291913552122,46,21.0,0.0,38.09285714285714,1,6.562303240740741,0.22189349112426035,Planful submitters,1
3352,3.58351893845611,6,2.7083333333333335,0.2708333333333333,5,0.17857142857142858,3.0608640755330656,9.623172031755049,0.0,0.11428571428571428,0.0,0.0,1.0986122886681098,2,0.0,0.0,38.09285714285714,0,-5.0,0.05714285714285714,Exam-only / last-minute,0
3353,6.253828811575473,39,12.06068376068376,7.839444444444444,28,0.6071428571428571,2.8273313052180122,12.063206024695882,0.0,0.2271604938271605,3.0,0.14836223506743737,4.59511985013459,86,17.0,11.0,49.995999999999995,1,7.648854166666666,0.2644320297951583,Planful submitters,1
3354,4.672828834461906,4,37.79166666666667,2.519444444444445,3,0.07142857142857142,4.663817808487953,53.85921267449797,0.0,0.11320754716981132,0.0,0.0,4.406719247264253,10,2.0,0.0,55.03780487804878,0,-5.0,0.8773584905660378,Exam-only / last-minute,0
3355,7.620705086838262,31,17.770967741935483,9.181666666666667,23,0.5,2.6094496469888404,6.363991839719562,0.0017385257301808068,0.0017385257301808068,10.0,0.3300637567435017,6.829793737512425,711,2.0,11.0,51.40730769230769,0,-5.0,0.3720817120622568,Passive content consumers,1
3356,7.009408932708637,83,13.44578313253012,18.6,58,0.7857142857142857,1.8970091672055687,10.588523585799722,0.051215277777777776,0.484375,4.0,0.10669077757685352,6.333279628139691,184,79.0,24.0,40.9695652173913,1,25.194340277777776,0.07800175284837861,Intensive self-testers,1
3357,7.186144304522325,60,17.685,17.685,40,0.75,2.873717676393931,4.840253050189932,0.45978204462895694,0.4997405293201868,13.0,0.453030303030303,5.602118820879701,188,33.0,17.0,51.12775,1,23.94533564814815,0.30869565217391304,Intensive self-testers,1
3358,6.541029999189903,72,11.98611111111111,14.383333333333333,51,0.7857142857142857,3.1385215853998196,9.302645923722864,0.014810045074050225,0.6980038634900193,0.0,0.0,4.7535901911063645,73,50.0,0.0,38.09285714285714,1,4.13412037037037,0.23214285714285715,Intensive self-testers,1
3359,6.1092475827643655,17,15.555882352941179,4.407500000000001,15,0.32142857142857145,2.970918860160467,6.621438961492817,0.2642706131078224,0.22832980972515857,0.0,0.0,5.4638318050256105,57,1.0,18.0,38.09285714285714,0,-5.0,0.15367483296213807,Passive content consumers,0
3360,5.5134287461649825,28,5.035714285714286,2.35,24,0.5357142857142857,2.2516049935625233,5.506452396506958,0.0,0.5285285285285285,1.0,0.1417004048582996,2.772588722239781,13,8.0,1.0,38.09285714285714,1,15.08116898148148,0.21153846153846154,Planful submitters,1
3361,5.71042701737487,26,5.847435897435897,2.533888888888889,18,0.4642857142857143,2.2902334145272047,10.3865078020411,0.0,0.13513513513513514,0.0,0.0,4.59511985013459,38,0.0,1.0,38.09285714285714,0,-5.0,0.29900332225913623,Passive content consumers,0
3362,6.926577033222725,54,14.54351851851852,13.089166666666667,39,0.6071428571428571,2.463255403362769,20.07486263363283,0.0,0.2635135135135135,0.0,0.0019646365422396855,6.267200548541362,197,49.0,30.0,12.495000000000001,1,24.21641203703704,0.11802973977695168,Planful submitters,1
3363,6.663132695990803,22,12.812121212121212,4.697777777777778,15,0.32142857142857145,3.1153638815407083,8.222472624659035,0.029710711493354185,0.236903831118061,0.0,0.0,6.102558594613569,151,34.0,4.0,25.155,1,23.262048611111112,0.15862068965517243,Planful submitters,1
3364,5.697093486505405,41,10.758536585365853,7.351666666666666,29,0.7142857142857143,2.3922235833594,5.2222332472013715,0.016286644951140065,0.16286644951140064,0.0,0.0,4.04305126783455,41,14.0,1.0,38.09285714285714,1,25.308194444444446,0.5894428152492669,Planful submitters,1
3365,7.738488122494646,14,38.80714285714286,9.055,10,0.2857142857142857,3.0684551233659403,10.631269289962505,0.054670684459750325,0.056392595781317265,6.0,0.10723626852659111,7.427144133408616,1366,3.0,32.0,47.218333333333334,0,-5.0,0.03427331887201735,Passive content consumers,1
3366,6.870053411798126,11,31.163636363636364,5.713333333333334,10,0.17857142857142858,3.2846585656661658,12.906610011856738,0.14916666666666667,0.42083333333333334,12.0,0.39397089397089397,6.018593214496234,135,3.0,24.0,38.09285714285714,0,-5.0,0.5280665280665281,Passive content consumers,0
3367,6.161207321695077,20,13.7625,4.5875,17,0.2857142857142857,3.590866852641798,32.15695368747391,0.6802860061287027,0.17466802860061287,1.0,0.06342494714587738,4.941642422609304,51,1.0,0.0,11.106666666666667,0,-5.0,0.33403805496828753,Passive content consumers,0
3369,6.823286122355687,86,16.962015503875968,24.31222222222222,59,0.6785714285714286,3.0268985828325943,7.152179923658625,0.0,0.1025043680838672,0.0,0.0,6.068425588244111,97,0.0,1.0,48.37032,0,-5.0,0.2233115468409586,Passive content consumers,0
3371,6.828712071641684,25,27.514,11.464166666666667,16,0.32142857142857145,3.238047676936901,22.820203579215196,0.0,0.9754366812227074,0.0,0.0010834236186348862,6.393590753950631,186,5.0,1.0,28.662799999999997,0,-5.0,0.09750812567713976,Passive content consumers,0
3372,4.859812404361672,7,23.402380952380952,2.730277777777778,6,0.14285714285714285,4.898973988723509,39.95044288779894,0.0,0.7540650406504065,0.0,0.0,2.302585092994046,8,0.0,0.0,38.09285714285714,0,-5.0,0.71875,Exam-only / last-minute,0
3373,6.53813982376767,50,13.975333333333333,11.64611111111111,37,0.6071428571428571,2.2522302436864003,11.26299756424342,0.0,0.009183673469387756,1.0,0.0391304347826087,5.455321115357702,93,1.0,8.0,38.09285714285714,0,-5.0,0.16231884057971013,Passive content consumers,0
3374,7.205635176410364,29,13.72183908045977,6.6322222222222225,21,0.5357142857142857,3.0914870078203363,4.635018555050199,0.038782523318605794,0.41384388807069217,0.0,0.0,6.669498089857879,264,20.0,23.0,38.09285714285714,1,7.634305555555556,0.05349182763744428,Planful submitters,0
3375,6.734591659972948,26,4.755128205128205,2.0605555555555553,18,0.5357142857142857,3.426830822489884,7.5184906834814385,0.818880351262349,0.18221734357848518,0.0,0.011904761904761904,6.386879319362645,298,4.0,54.0,38.09285714285714,0,-5.0,0.09144893111638955,Passive content consumers,0
3376,6.811244378601294,56,12.094642857142857,11.288333333333332,37,0.5357142857142857,3.53645283196025,3.9661534174859274,0.0,0.12258494337108594,12.0,0.4729878721058434,4.795790545596741,97,13.0,1.0,38.37176470588235,1,5.162881944444444,0.09481808158765159,Intensive self-testers,0
3377,6.0112671744041615,41,10.260569105691056,7.011388888888889,23,0.42857142857142855,2.665061245136633,5.707410353850684,0.2833333333333333,0.5976190476190476,0.0,0.002457002457002457,4.499809670330265,59,30.0,2.0,37.721111111111114,1,6.504328703703703,0.19239373601789708,Planful submitters,1
3379,4.219507705176107,8,4.4,0.5866666666666667,7,0.14285714285714285,3.0186120451965373,6.932404734137128,0.13432835820895522,0.29850746268656714,0.0,0.0,0.6931471805599453,2,9.0,0.0,38.09285714285714,1,0.28585648148148146,0.0,Exam-only / last-minute,0
3380,6.661854740545311,57,5.974269005847954,5.675555555555556,34,0.5714285714285714,2.771191305133494,4.540721174336354,0.0018832391713747645,0.10357815442561205,2.0,0.03969270166453265,5.293304824724492,64,2.0,1.0,33.33,0,-5.0,0.37772087067861715,Passive content consumers,0
3381,6.230481447578482,27,5.97037037037037,2.6866666666666665,17,0.4642857142857143,3.1619389846748724,8.947642384559968,0.019417475728155338,0.005825242718446602,0.0,0.0019723865877712033,5.44673737166631,76,14.0,2.0,38.09285714285714,1,24.17744212962963,0.5828571428571429,Planful submitters,1
3415,5.945420608606575,19,15.021052631578947,4.756666666666666,15,0.39285714285714285,2.9851876000350894,8.943160576601581,0.0024154589371980675,0.6859903381642513,0.0,0.0,4.882801922586371,88,5.0,0.0,38.09285714285714,0,-5.0,0.35170603674540685,Passive content consumers,0
3416,6.9782137426306985,14,13.56904761904762,3.1661111111111113,9,0.14285714285714285,4.522714714044821,16.82766610794208,0.26358695652173914,0.8478260869565217,6.0,0.0457089552238806,6.643789733147672,466,0.0,23.0,38.09285714285714,0,-5.0,0.1259328358208955,Passive content consumers,0
3417,6.932447891572509,37,9.963963963963964,6.144444444444445,25,0.32142857142857145,2.4409375158401847,9.365667074521808,0.1395985401459854,0.4781021897810219,2.0,0.0517578125,6.030685260261263,232,1.0,33.0,38.09285714285714,0,-5.0,0.13840155945419103,Passive content consumers,0
3418,5.908082938168931,30,9.618333333333334,4.809166666666667,25,0.6428571428571429,2.0057141845048414,4.217285824865547,0.0,0.1778975741239892,0.0,0.0,4.394449154672439,46,13.0,4.0,38.09285714285714,1,16.28099537037037,0.12962962962962962,Planful submitters,1
3419,6.652863029353347,46,8.354347826086956,6.405,33,0.5357142857142857,2.637411905789453,8.685383802649238,0.0,0.5994876174210076,0.0,0.0,5.863631175598097,114,1.0,27.0,45.55277777777778,0,-5.0,0.23711340206185566,Passive content consumers,0
3421,6.040254711277414,26,7.368589743589743,3.193055555555555,21,0.4642857142857143,2.9658235901737524,25.83842266360203,0.047619047619047616,0.21794871794871795,2.0,0.12410501193317422,4.060443010546419,52,25.0,4.0,41.662499999999994,1,8.390393518518518,0.13004484304932734,Planful submitters,1
3422,5.8522024797744745,35,4.825238095238095,2.814722222222222,24,0.42857142857142855,2.604171738892853,18.794334787945775,0.0,0.39037433155080214,0.0,0.0,4.663439094112067,76,2.0,6.0,38.09285714285714,0,-5.0,0.2276657060518732,Passive content consumers,0
3423,6.418364935936212,20,6.176666666666667,2.0588888888888888,18,0.4642857142857143,2.424684406064655,6.054694554728231,0.0,0.2066772655007949,1.0,0.09640522875816994,5.638354669333745,278,5.0,1.0,38.09285714285714,0,-5.0,0.10457516339869281,Passive content consumers,0
3424,6.80903930604298,30,11.956111111111111,5.978055555555556,22,0.4642857142857143,2.83498822940473,11.330101733139864,0.0,0.10561660561660562,1.0,0.032044198895027624,6.16541785423142,179,0.0,21.0,38.09285714285714,0,-5.0,0.16795580110497238,Passive content consumers,0
3425,5.749392985908253,11,7.533333333333334,1.3811111111111112,9,0.25,3.474899996637543,12.607389226581686,0.0,0.09815950920245399,0.0,0.0,5.402677381872279,221,0.0,0.0,38.09285714285714,0,-5.0,0.23961661341853036,Passive content consumers,0
3427,7.315218389752975,77,8.443506493506494,10.835833333333333,53,0.7857142857142857,2.3379318020946687,7.288789357901746,0.5134779750164365,0.3136094674556213,1.0,0.02996005326231691,6.236369590203704,343,23.0,37.0,38.09285714285714,1,15.153472222222222,0.09216589861751152,Intensive self-testers,1
3428,6.129050210060545,19,16.28421052631579,5.156666666666666,16,0.32142857142857145,2.1213639916773324,11.161216440402852,0.03214285714285714,0.5160714285714286,6.0,0.4148471615720524,4.110873864173311,38,0.0,0.0,38.09285714285714,0,-5.0,0.18777292576419213,Passive content consumers,0
3430,4.634728988229636,10,7.368333333333334,1.2280555555555557,9,0.25,2.6568176601445974,8.813472968348515,0.0,0.42592592592592593,0.0,0.00980392156862745,2.1972245773362196,9,2.0,0.0,38.09285714285714,0,-5.0,0.0196078431372549,Exam-only / last-minute,0
3431,8.217708406845306,33,20.853535353535353,11.469444444444443,27,0.4642857142857143,3.4497698581317096,3.8195245073923823,0.042,0.0435,12.0,0.10823211875843455,7.419380582918692,906,0.0,50.0,49.995,0,-5.0,0.20242914979757085,Passive content consumers,0
3432,6.364750756851911,26,23.280128205128204,10.088055555555554,21,0.42857142857142855,2.4064017132669364,19.72037677232321,0.006015037593984963,0.23609022556390977,2.0,0.09137931034482759,5.62040086571715,144,0.0,1.0,56.617916666666666,0,-5.0,0.5379310344827586,Passive content consumers,0
3433,6.244166900663736,35,5.872857142857143,3.4258333333333337,27,0.39285714285714285,2.487150306467867,14.336207461257443,0.0,0.09073724007561437,1.0,0.0622568093385214,5.384495062789089,181,1.0,12.0,38.09285714285714,0,-5.0,0.32490272373540857,Passive content consumers,0
3434,5.771441123130016,52,6.598076923076923,5.718333333333334,32,0.4642857142857143,2.2390409017591697,4.86835195764299,0.0026595744680851063,0.18351063829787234,1.0,0.025,4.189654742026425,49,7.0,0.0,38.09285714285714,1,16.513530092592593,0.278125,Planful submitters,0
3435,5.823045895483019,9,35.02777777777778,5.254166666666666,9,0.2857142857142857,2.958266253730815,14.490102934979863,0.0,0.011235955056179775,0.0,0.0,5.214935757608986,61,0.0,2.0,14.28,0,-5.0,0.22551928783382788,Passive content consumers,0
3436,5.966146739123692,29,5.8500000000000005,2.8275,20,0.39285714285714285,2.631441207269043,6.7942884325207284,0.08542713567839195,0.4045226130653266,0.0,0.0,4.7535901911063645,72,9.0,0.0,0.0,1,9.119340277777777,0.12718204488778054,Planful submitters,1
3437,6.416732282512326,18,10.22037037037037,3.0661111111111112,16,0.35714285714285715,3.9651731238993024,7.727329298115813,0.29784172661870506,0.24316546762589927,0.0,0.0,5.733341276897746,145,4.0,17.0,29.625555555555554,0,-5.0,0.1276595744680851,Passive content consumers,0
3439,5.327876168789581,7,13.090476190476192,1.5272222222222223,5,0.10714285714285714,4.774133207363706,43.49783677087758,0.0,1.0,1.0,0.03902439024390244,0.0,4,0.0,0.0,38.09285714285714,0,-5.0,0.0,Exam-only / last-minute,0
3440,6.082218910376446,31,18.437634408602154,9.526111111111112,18,0.42857142857142855,4.397991963046477,18.005865352248623,0.4354166666666667,0.8208333333333333,2.0,0.12585812356979406,4.820281565605037,87,8.0,9.0,38.09285714285714,0,-5.0,0.8649885583524027,Exam-only / last-minute,0
3441,6.173786103901937,31,11.229569892473119,5.801944444444445,28,0.5357142857142857,1.9709276606177155,8.502620034677928,0.056451612903225805,0.5846774193548387,0.0,0.0,5.241747015059643,109,25.0,25.0,21.425,1,14.443506944444444,0.11706349206349206,Planful submitters,1
3442,6.532334292222349,87,8.651532567049808,12.544722222222221,56,0.7857142857142857,2.470587782849494,6.502047167569981,0.01595298068849706,0.7044500419815282,2.0,0.15306122448979592,4.700480365792417,92,45.0,14.0,38.09285714285714,1,14.093842592592592,0.31989247311827956,Intensive self-testers,1
3443,5.68697535633982,9,11.503703703703703,1.7255555555555555,7,0.17857142857142858,4.806146633457341,21.964099366622598,0.3108974358974359,0.391025641025641,0.0,0.0,4.406719247264253,23,0.0,0.0,38.09285714285714,0,-5.0,0.0,Exam-only / last-minute,0
3444,6.706862336602747,24,17.53125,7.0125,16,0.32142857142857145,5.143364007846287,26.522991048386054,0.0,0.014742014742014743,1.0,0.030599755201958383,6.042632833682381,145,6.0,11.0,43.681578947368415,0,-5.0,0.9596083231334149,Exam-only / last-minute,0
3445,6.648984550024776,53,10.433962264150944,9.216666666666667,35,0.5714285714285714,2.9293572006478477,7.015273667287478,0.08211382113821138,0.4853658536585366,0.0,0.0012970168612191958,5.4116460518550396,169,31.0,11.0,15.469999999999999,1,25.002858796296298,0.19474313022700118,Planful submitters,1
3447,6.762729506931879,110,9.464090909090908,17.350833333333334,56,0.6428571428571429,2.100896949780013,4.698165459318852,0.062146892655367235,0.13801452784503632,2.0,0.08564814814814815,4.983606621708336,67,37.0,7.0,38.09285714285714,1,1.3892361111111111,0.15935334872979215,Intensive self-testers,0
3448,5.707110264748875,14,14.263095238095238,3.3280555555555558,9,0.25,3.747208782887795,10.525254889423154,0.0,0.11,0.0,0.0,5.303304908059076,46,1.0,3.0,34.327619047619045,0,-5.0,0.01,Passive content consumers,0
3449,6.894670039433482,25,16.104666666666667,6.710277777777778,19,0.42857142857142855,3.1483009130436317,19.399625271275678,0.005970149253731343,0.008955223880597015,0.0,0.0,6.222576268071369,281,3.0,35.0,16.66,0,-5.0,0.0821501014198783,Passive content consumers,0
3450,5.484796933490655,32,5.526041666666667,2.9472222222222224,29,0.5714285714285714,1.8957665586530976,3.2369504554065784,0.05078125,0.34375,0.0,0.0,3.295836866004329,24,23.0,0.0,38.09285714285714,1,24.036273148148148,0.17735849056603772,Planful submitters,1
3451,6.899723107284872,122,5.326366120218578,10.830277777777777,66,0.8928571428571429,2.7581518561678537,2.050228386248999,0.09164969450101833,0.1634419551934827,4.0,0.18264379414732593,5.176149732573829,40,10.0,0.0,38.09285714285714,0,-5.0,0.28254288597376387,Intensive self-testers,0
