cutoff_day,week,set,model,auc,n_test,prev_test
7,1,Demographics + volume,LogReg,0.7056573286751373,16982,0.48092097515015897
7,1,Demographics + volume,RandomForest,0.7021757246853665,16982,0.48092097515015897
7,1,+ regularity,LogReg,0.7082666981330801,16982,0.48092097515015897
7,1,+ regularity,RandomForest,0.7061329433276051,16982,0.48092097515015897
7,1,+ regularity + assessment,LogReg,0.7082666981330801,16982,0.48092097515015897
7,1,+ regularity + assessment,RandomForest,0.7078490551151407,16982,0.48092097515015897
14,2,Demographics + volume,LogReg,0.6967760858960115,16032,0.4501621756487026
14,2,Demographics + volume,RandomForest,0.6959946621903552,16032,0.4501621756487026
14,2,+ regularity,LogReg,0.7034621176712105,16032,0.4501621756487026
14,2,+ regularity,RandomForest,0.6999998742491396,16032,0.4501621756487026
14,2,+ regularity + assessment,LogReg,0.7034621176712105,16032,0.4501621756487026
14,2,+ regularity + assessment,RandomForest,0.7010198316180262,16032,0.4501621756487026
28,4,Demographics + volume,LogReg,0.6968044895229165,15735,0.4397839211947887
28,4,Demographics + volume,RandomForest,0.697995837691271,15735,0.4397839211947887
28,4,+ regularity,LogReg,0.7083781668136617,15735,0.4397839211947887
28,4,+ regularity,RandomForest,0.7114878819274817,15735,0.4397839211947887
28,4,+ regularity + assessment,LogReg,0.7460433968635962,15735,0.4397839211947887
28,4,+ regularity + assessment,RandomForest,0.7621723513847587,15735,0.4397839211947887
42,6,Demographics + volume,LogReg,0.7044475228931422,15408,0.42789460020768433
42,6,Demographics + volume,RandomForest,0.7073347357271188,15408,0.42789460020768433
42,6,+ regularity,LogReg,0.7269718764440085,15408,0.42789460020768433
42,6,+ regularity,RandomForest,0.7299954170268936,15408,0.42789460020768433
42,6,+ regularity + assessment,LogReg,0.7658085256720912,15408,0.42789460020768433
42,6,+ regularity + assessment,RandomForest,0.7856754688944143,15408,0.42789460020768433
56,8,Demographics + volume,LogReg,0.7153730785852288,15098,0.41614783415021855
56,8,Demographics + volume,RandomForest,0.7181343673864841,15098,0.41614783415021855
56,8,+ regularity,LogReg,0.7527072711218065,15098,0.41614783415021855
56,8,+ regularity,RandomForest,0.7554325029978978,15098,0.41614783415021855
56,8,+ regularity + assessment,LogReg,0.7996486029656775,15098,0.41614783415021855
56,8,+ regularity + assessment,RandomForest,0.8061891883571701,15098,0.41614783415021855
84,12,Demographics + volume,LogReg,0.7273037661896695,14595,0.3960260363138061
84,12,Demographics + volume,RandomForest,0.7298588733815238,14595,0.3960260363138061
84,12,+ regularity,LogReg,0.7637937064652693,14595,0.3960260363138061
84,12,+ regularity,RandomForest,0.7667920951036983,14595,0.3960260363138061
84,12,+ regularity + assessment,LogReg,0.824700170949565,14595,0.3960260363138061
84,12,+ regularity + assessment,RandomForest,0.8264995377884897,14595,0.3960260363138061
112,16,Demographics + volume,LogReg,0.751303230280256,14158,0.37738381127277865
112,16,Demographics + volume,RandomForest,0.7533020181409003,14158,0.37738381127277865
112,16,+ regularity,LogReg,0.8054688738261446,14158,0.37738381127277865
112,16,+ regularity,RandomForest,0.8103700443400109,14158,0.37738381127277865
112,16,+ regularity + assessment,LogReg,0.8629181856891758,14158,0.37738381127277865
112,16,+ regularity + assessment,RandomForest,0.8674601731327369,14158,0.37738381127277865
140,20,Demographics + volume,LogReg,0.7765950536340887,13780,0.36030478955007256
140,20,Demographics + volume,RandomForest,0.7785044146232932,13780,0.36030478955007256
140,20,+ regularity,LogReg,0.8350415929087275,13780,0.36030478955007256
140,20,+ regularity,RandomForest,0.8437327657756307,13780,0.36030478955007256
140,20,+ regularity + assessment,LogReg,0.8885470442844666,13780,0.36030478955007256
140,20,+ regularity + assessment,RandomForest,0.8959188968268521,13780,0.36030478955007256
182,26,Demographics + volume,LogReg,0.8121823468391818,13144,0.3293517954960438
182,26,Demographics + volume,RandomForest,0.8122611201454083,13144,0.3293517954960438
182,26,+ regularity,LogReg,0.8745566806826024,13144,0.3293517954960438
182,26,+ regularity,RandomForest,0.8749673448482297,13144,0.3293517954960438
182,26,+ regularity + assessment,LogReg,0.9239343361861797,13144,0.3293517954960438
182,26,+ regularity + assessment,RandomForest,0.9265838551147683,13144,0.3293517954960438
